household,article_aligned,pv_mode,event_mode,grid,qe,qp,label,E_kWh,P_kW,g_pp,rho_pct,rho_pv_pct,dispatch_violation,is_pareto,is_frozen
id01,True,native,event_window,3x3,0.5,0.5,E50-P50,3.124,1.44,0.906359105046,2.36430560347,1.45794649842,0,True,True
id01,True,native,event_window,3x3,0.5,0.75,E50-P75,3.124,2.023,0.906359105046,2.36430560347,1.45794649842,0,False,False
id01,True,native,event_window,3x3,0.5,0.9,E50-P90,3.124,4.129,0.906359105046,2.36430560347,1.45794649842,0,False,False
id01,True,native,event_window,3x3,0.75,0.5,E75-P50,6.041,1.44,0.906359105046,2.36430560347,1.45794649842,0,False,True
id01,True,native,event_window,3x3,0.75,0.75,E75-P75,6.041,2.023,0.906359105046,2.36430560347,1.45794649842,0,False,True
id01,True,native,event_window,3x3,0.75,0.9,E75-P90,6.041,4.129,0.906359105046,2.36430560347,1.45794649842,0,False,False
id01,True,native,event_window,3x3,0.9,0.5,E90-P50,8.231,1.44,0.906359105046,2.36430560347,1.45794649842,0,False,True
id01,True,native,event_window,3x3,0.9,0.75,E90-P75,8.231,2.023,0.906359105046,2.36430560347,1.45794649842,0,False,False
id01,True,native,event_window,3x3,0.9,0.9,E90-P90,8.231,4.129,0.906359105046,2.36430560347,1.45794649842,0,False,False
id01,True,native,event_window,5x5,0.25,0.25,E25-P25,0.904,0.486,0.774762974076,2.2327094725,1.45794649842,0,True,True
id01,True,native,event_window,5x5,0.25,0.5,E25-P50,0.904,1.44,0.800370582311,2.25831708073,1.45794649842,0,True,False
id01,True,native,event_window,5x5,0.25,0.75,E25-P75,0.904,2.023,0.800370582311,2.25831708073,1.45794649842,0,False,False
id01,True,native,event_window,5x5,0.25,0.9,E25-P90,0.904,4.129,0.800370582311,2.25831708073,1.45794649842,0,False,False
id01,True,native,event_window,5x5,0.25,0.95,E25-P95,0.904,5.404,0.800370582311,2.25831708073,1.45794649842,0,False,False
id01,True,native,event_window,5x5,0.5,0.25,E50-P25,3.124,0.486,0.820640766717,2.27858726514,1.45794649842,0,True,True
id01,True,native,event_window,5x5,0.5,0.5,E50-P50,3.124,1.44,0.906359105046,2.36430560347,1.45794649842,0,True,False
id01,True,native,event_window,5x5,0.5,0.75,E50-P75,3.124,2.023,0.906359105046,2.36430560347,1.45794649842,0,False,True
id01,True,native,event_window,5x5,0.5,0.9,E50-P90,3.124,4.129,0.906359105046,2.36430560347,1.45794649842,0,False,False
id01,True,native,event_window,5x5,0.5,0.95,E50-P95,3.124,5.404,0.906359105046,2.36430560347,1.45794649842,0,False,False
id01,True,native,event_window,5x5,0.75,0.25,E75-P25,6.041,0.486,0.820640766717,2.27858726514,1.45794649842,0,False,True
id01,True,native,event_window,5x5,0.75,0.5,E75-P50,6.041,1.44,0.906359105046,2.36430560347,1.45794649842,0,False,False
id01,True,native,event_window,5x5,0.75,0.75,E75-P75,6.041,2.023,0.906359105046,2.36430560347,1.45794649842,0,False,False
id01,True,native,event_window,5x5,0.75,0.9,E75-P90,6.041,4.129,0.906359105046,2.36430560347,1.45794649842,0,False,False
id01,True,native,event_window,5x5,0.75,0.95,E75-P95,6.041,5.404,0.906359105046,2.36430560347,1.45794649842,0,False,False
id01,True,native,event_window,5x5,0.9,0.25,E90-P25,8.231,0.486,0.820640766717,2.27858726514,1.45794649842,0,False,False
id01,True,native,event_window,5x5,0.9,0.5,E90-P50,8.231,1.44,0.906359105046,2.36430560347,1.45794649842,0,False,False
id01,True,native,event_window,5x5,0.9,0.75,E90-P75,8.231,2.023,0.906359105046,2.36430560347,1.45794649842,0,False,False
id01,True,native,event_window,5x5,0.9,0.9,E90-P90,8.231,4.129,0.906359105046,2.36430560347,1.45794649842,0,False,False
id01,True,native,event_window,5x5,0.9,0.95,E90-P95,8.231,5.404,0.906359105046,2.36430560347,1.45794649842,0,False,False
id01,True,native,event_window,5x5,0.95,0.25,E95-P25,10.285,0.486,0.820640766717,2.27858726514,1.45794649842,0,False,False
id01,True,native,event_window,5x5,0.95,0.5,E95-P50,10.285,1.44,0.906359105046,2.36430560347,1.45794649842,0,False,False
id01,True,native,event_window,5x5,0.95,0.75,E95-P75,10.285,2.023,0.906359105046,2.36430560347,1.45794649842,0,False,False
id01,True,native,event_window,5x5,0.95,0.9,E95-P90,10.285,4.129,0.906359105046,2.36430560347,1.45794649842,0,False,False
id01,True,native,event_window,5x5,0.95,0.95,E95-P95,10.285,5.404,0.906359105046,2.36430560347,1.45794649842,0,False,False
id02,True,native,event_window,3x3,0.5,0.5,E50-P50,2.085,0.952,1.26965827042,1.79921067691,0.529552406486,0,True,True
id02,True,native,event_window,3x3,0.5,0.75,E50-P75,2.085,2.264,1.47787540465,2.00742781113,0.529552406486,0,True,False
id02,True,native,event_window,3x3,0.5,0.9,E50-P90,2.085,4.238,1.48708649948,2.01663890597,0.529552406486,0,True,False
id02,True,native,event_window,3x3,0.75,0.5,E75-P50,5.071,0.952,1.43937007296,1.96892247945,0.529552406486,0,True,True
id02,True,native,event_window,3x3,0.75,0.75,E75-P75,5.071,2.264,1.83191137817,2.36146378465,0.529552406486,0,True,True
id02,True,native,event_window,3x3,0.75,0.9,E75-P90,5.071,4.238,1.86661911404,2.39617152053,0.529552406486,0,True,False
id02,True,native,event_window,3x3,0.9,0.5,E90-P50,7.055,0.952,1.43937007296,1.96892247945,0.529552406486,0,False,True
id02,True,native,event_window,3x3,0.9,0.75,E90-P75,7.055,2.264,1.83191137817,2.36146378465,0.529552406486,0,False,False
id02,True,native,event_window,3x3,0.9,0.9,E90-P90,7.055,4.238,1.86661911404,2.39617152053,0.529552406486,0,False,False
id02,True,native,event_window,5x5,0.25,0.25,E25-P25,0,0,0,0.529552406486,0.529552406486,0,False,True
id02,True,native,event_window,5x5,0.25,0.5,E25-P50,0,0.952,0,0.529552406486,0.529552406486,0,False,False
id02,True,native,event_window,5x5,0.25,0.75,E25-P75,0,2.264,0,0.529552406486,0.529552406486,0,False,False
id02,True,native,event_window,5x5,0.25,0.9,E25-P90,0,4.238,0,0.529552406486,0.529552406486,0,False,False
id02,True,native,event_window,5x5,0.25,0.95,E25-P95,0,4.753,0,0.529552406486,0.529552406486,0,False,False
id02,True,native,event_window,5x5,0.5,0.25,E50-P25,2.085,0,0,0.529552406486,0.529552406486,0,False,True
id02,True,native,event_window,5x5,0.5,0.5,E50-P50,2.085,0.952,1.26965827042,1.79921067691,0.529552406486,0,True,False
id02,True,native,event_window,5x5,0.5,0.75,E50-P75,2.085,2.264,1.47787540465,2.00742781113,0.529552406486,0,True,True
id02,True,native,event_window,5x5,0.5,0.9,E50-P90,2.085,4.238,1.48708649948,2.01663890597,0.529552406486,0,True,False
id02,True,native,event_window,5x5,0.5,0.95,E50-P95,2.085,4.753,1.48708649948,2.01663890597,0.529552406486,0,False,False
id02,True,native,event_window,5x5,0.75,0.25,E75-P25,5.071,0,0,0.529552406486,0.529552406486,0,False,True
id02,True,native,event_window,5x5,0.75,0.5,E75-P50,5.071,0.952,1.43937007296,1.96892247945,0.529552406486,0,True,False
id02,True,native,event_window,5x5,0.75,0.75,E75-P75,5.071,2.264,1.83191137817,2.36146378465,0.529552406486,0,True,False
id02,True,native,event_window,5x5,0.75,0.9,E75-P90,5.071,4.238,1.86661911404,2.39617152053,0.529552406486,0,True,False
id02,True,native,event_window,5x5,0.75,0.95,E75-P95,5.071,4.753,1.86661911404,2.39617152053,0.529552406486,0,False,False
id02,True,native,event_window,5x5,0.9,0.25,E90-P25,7.055,0,0,0.529552406486,0.529552406486,0,False,False
id02,True,native,event_window,5x5,0.9,0.5,E90-P50,7.055,0.952,1.43937007296,1.96892247945,0.529552406486,0,False,False
id02,True,native,event_window,5x5,0.9,0.75,E90-P75,7.055,2.264,1.83191137817,2.36146378465,0.529552406486,0,False,False
id02,True,native,event_window,5x5,0.9,0.9,E90-P90,7.055,4.238,1.86661911404,2.39617152053,0.529552406486,0,False,False
id02,True,native,event_window,5x5,0.9,0.95,E90-P95,7.055,4.753,1.86661911404,2.39617152053,0.529552406486,0,False,False
id02,True,native,event_window,5x5,0.95,0.25,E95-P25,8.15,0,0,0.529552406486,0.529552406486,0,False,False
id02,True,native,event_window,5x5,0.95,0.5,E95-P50,8.15,0.952,1.43937007296,1.96892247945,0.529552406486,0,False,False
id02,True,native,event_window,5x5,0.95,0.75,E95-P75,8.15,2.264,1.83191137817,2.36146378465,0.529552406486,0,False,False
id02,True,native,event_window,5x5,0.95,0.9,E95-P90,8.15,4.238,1.86661911404,2.39617152053,0.529552406486,0,False,False
id02,True,native,event_window,5x5,0.95,0.95,E95-P95,8.15,4.753,1.86661911404,2.39617152053,0.529552406486,0,False,False
id03,True,native,event_window,3x3,0.5,0.5,E50-P50,1.408,0.646,0.855962318304,1.30183131459,0.445868996289,0,True,True
id03,True,native,event_window,3x3,0.5,0.75,E50-P75,1.408,1.513,1.05616828579,1.50203728208,0.445868996289,5.55111512313e-17,True,False
id03,True,native,event_window,3x3,0.5,0.9,E50-P90,1.408,3.947,1.08705758549,1.53292658178,0.445868996289,0,True,False
id03,True,native,event_window,3x3,0.75,0.5,E75-P50,4.622,0.646,0.892336059854,1.33820505614,0.445868996289,0,True,True
id03,True,native,event_window,3x3,0.75,0.75,E75-P75,4.622,1.513,1.16893830299,1.61480729928,0.445868996289,0,True,True
id03,True,native,event_window,3x3,0.75,0.9,E75-P90,4.622,3.947,1.19982760269,1.64569659898,0.445868996289,0,True,False
id03,True,native,event_window,3x3,0.9,0.5,E90-P50,8.639,0.646,0.892336059854,1.33820505614,0.445868996289,0,False,True
id03,True,native,event_window,3x3,0.9,0.75,E90-P75,8.639,1.513,1.16893830299,1.61480729928,0.445868996289,0,False,False
id03,True,native,event_window,3x3,0.9,0.9,E90-P90,8.639,3.947,1.19982760269,1.64569659898,0.445868996289,0,False,False
id03,True,native,event_window,5x5,0.25,0.25,E25-P25,0,0,0,0.445868996289,0.445868996289,0,False,True
id03,True,native,event_window,5x5,0.25,0.5,E25-P50,0,0.646,0,0.445868996289,0.445868996289,0,False,False
id03,True,native,event_window,5x5,0.25,0.75,E25-P75,0,1.513,0,0.445868996289,0.445868996289,0,False,False
id03,True,native,event_window,5x5,0.25,0.9,E25-P90,0,3.947,0,0.445868996289,0.445868996289,0,False,False
id03,True,native,event_window,5x5,0.25,0.95,E25-P95,0,4.656,0,0.445868996289,0.445868996289,0,False,False
id03,True,native,event_window,5x5,0.5,0.25,E50-P25,1.408,0,0,0.445868996289,0.445868996289,0,False,True
id03,True,native,event_window,5x5,0.5,0.5,E50-P50,1.408,0.646,0.855962318304,1.30183131459,0.445868996289,0,True,False
id03,True,native,event_window,5x5,0.5,0.75,E50-P75,1.408,1.513,1.05616828579,1.50203728208,0.445868996289,5.55111512313e-17,True,True
id03,True,native,event_window,5x5,0.5,0.9,E50-P90,1.408,3.947,1.08705758549,1.53292658178,0.445868996289,0,True,False
id03,True,native,event_window,5x5,0.5,0.95,E50-P95,1.408,4.656,1.08705758549,1.53292658178,0.445868996289,0,False,False
id03,True,native,event_window,5x5,0.75,0.25,E75-P25,4.622,0,0,0.445868996289,0.445868996289,0,False,True
id03,True,native,event_window,5x5,0.75,0.5,E75-P50,4.622,0.646,0.892336059854,1.33820505614,0.445868996289,0,True,False
id03,True,native,event_window,5x5,0.75,0.75,E75-P75,4.622,1.513,1.16893830299,1.61480729928,0.445868996289,0,True,False
id03,True,native,event_window,5x5,0.75,0.9,E75-P90,4.622,3.947,1.19982760269,1.64569659898,0.445868996289,0,True,False
id03,True,native,event_window,5x5,0.75,0.95,E75-P95,4.622,4.656,1.19982760269,1.64569659898,0.445868996289,0,False,False
id03,True,native,event_window,5x5,0.9,0.25,E90-P25,8.639,0,0,0.445868996289,0.445868996289,0,False,False
id03,True,native,event_window,5x5,0.9,0.5,E90-P50,8.639,0.646,0.892336059854,1.33820505614,0.445868996289,0,False,False
id03,True,native,event_window,5x5,0.9,0.75,E90-P75,8.639,1.513,1.16893830299,1.61480729928,0.445868996289,0,False,False
id03,True,native,event_window,5x5,0.9,0.9,E90-P90,8.639,3.947,1.19982760269,1.64569659898,0.445868996289,0,False,False
id03,True,native,event_window,5x5,0.9,0.95,E90-P95,8.639,4.656,1.19982760269,1.64569659898,0.445868996289,0,False,False
id03,True,native,event_window,5x5,0.95,0.25,E95-P25,9.79,0,0,0.445868996289,0.445868996289,0,False,False
id03,True,native,event_window,5x5,0.95,0.5,E95-P50,9.79,0.646,0.892336059854,1.33820505614,0.445868996289,0,False,False
id03,True,native,event_window,5x5,0.95,0.75,E95-P75,9.79,1.513,1.16893830299,1.61480729928,0.445868996289,0,False,False
id03,True,native,event_window,5x5,0.95,0.9,E95-P90,9.79,3.947,1.19982760269,1.64569659898,0.445868996289,0,False,False
id03,True,native,event_window,5x5,0.95,0.95,E95-P95,9.79,4.656,1.19982760269,1.64569659898,0.445868996289,0,False,False
id04,True,native,event_window,3x3,0.5,0.5,E50-P50,3.327,1.471,2.82957936135,3.30376813157,0.47418877022,1.11022302463e-16,True,True
id04,True,native,event_window,3x3,0.5,0.75,E50-P75,3.327,2.123,2.83936426906,3.31355303928,0.47418877022,1.11022302463e-16,True,False
id04,True,native,event_window,3x3,0.5,0.9,E50-P90,3.327,3.518,2.83936426906,3.31355303928,0.47418877022,1.11022302463e-16,False,False
id04,True,native,event_window,3x3,0.75,0.5,E75-P50,7.429,1.471,2.92094610283,3.39513487305,0.47418877022,1.11022302463e-16,True,True
id04,True,native,event_window,3x3,0.75,0.75,E75-P75,7.429,2.123,2.9337314871,3.40792025732,0.47418877022,1.11022302463e-16,True,True
id04,True,native,event_window,3x3,0.75,0.9,E75-P90,7.429,3.518,2.9337314871,3.40792025732,0.47418877022,1.11022302463e-16,False,False
id04,True,native,event_window,3x3,0.9,0.5,E90-P50,11.329,1.471,2.92094610283,3.39513487305,0.47418877022,1.11022302463e-16,False,True
id04,True,native,event_window,3x3,0.9,0.75,E90-P75,11.329,2.123,2.9337314871,3.40792025732,0.47418877022,1.11022302463e-16,False,False
id04,True,native,event_window,3x3,0.9,0.9,E90-P90,11.329,3.518,2.9337314871,3.40792025732,0.47418877022,1.11022302463e-16,False,False
id04,True,native,event_window,5x5,0.25,0.25,E25-P25,0.056,0.023,0.0938424423247,0.568031212545,0.47418877022,8.67361737988e-19,True,True
id04,True,native,event_window,5x5,0.25,0.5,E25-P50,0.056,1.471,0.108047867191,0.582236637411,0.47418877022,6.93889390391e-18,True,False
id04,True,native,event_window,5x5,0.25,0.75,E25-P75,0.056,2.123,0.108047867191,0.582236637411,0.47418877022,6.93889390391e-18,False,False
id04,True,native,event_window,5x5,0.25,0.9,E25-P90,0.056,3.518,0.108047867191,0.582236637411,0.47418877022,6.93889390391e-18,False,False
id04,True,native,event_window,5x5,0.25,0.95,E25-P95,0.056,3.74,0.108047867191,0.582236637411,0.47418877022,6.93889390391e-18,False,False
id04,True,native,event_window,5x5,0.5,0.25,E50-P25,3.327,0.023,0.148929103188,0.623117873408,0.47418877022,8.67361737988e-19,True,True
id04,True,native,event_window,5x5,0.5,0.5,E50-P50,3.327,1.471,2.82957936135,3.30376813157,0.47418877022,1.11022302463e-16,True,False
id04,True,native,event_window,5x5,0.5,0.75,E50-P75,3.327,2.123,2.83936426906,3.31355303928,0.47418877022,1.11022302463e-16,True,True
id04,True,native,event_window,5x5,0.5,0.9,E50-P90,3.327,3.518,2.83936426906,3.31355303928,0.47418877022,1.11022302463e-16,False,False
id04,True,native,event_window,5x5,0.5,0.95,E50-P95,3.327,3.74,2.83936426906,3.31355303928,0.47418877022,1.11022302463e-16,False,False
id04,True,native,event_window,5x5,0.75,0.25,E75-P25,7.429,0.023,0.148929103188,0.623117873408,0.47418877022,8.67361737988e-19,False,True
id04,True,native,event_window,5x5,0.75,0.5,E75-P50,7.429,1.471,2.92094610283,3.39513487305,0.47418877022,1.11022302463e-16,True,False
id04,True,native,event_window,5x5,0.75,0.75,E75-P75,7.429,2.123,2.9337314871,3.40792025732,0.47418877022,1.11022302463e-16,True,False
id04,True,native,event_window,5x5,0.75,0.9,E75-P90,7.429,3.518,2.9337314871,3.40792025732,0.47418877022,1.11022302463e-16,False,False
id04,True,native,event_window,5x5,0.75,0.95,E75-P95,7.429,3.74,2.9337314871,3.40792025732,0.47418877022,1.11022302463e-16,False,False
id04,True,native,event_window,5x5,0.9,0.25,E90-P25,11.329,0.023,0.148929103188,0.623117873408,0.47418877022,8.67361737988e-19,False,False
id04,True,native,event_window,5x5,0.9,0.5,E90-P50,11.329,1.471,2.92094610283,3.39513487305,0.47418877022,1.11022302463e-16,False,False
id04,True,native,event_window,5x5,0.9,0.75,E90-P75,11.329,2.123,2.9337314871,3.40792025732,0.47418877022,1.11022302463e-16,False,False
id04,True,native,event_window,5x5,0.9,0.9,E90-P90,11.329,3.518,2.9337314871,3.40792025732,0.47418877022,1.11022302463e-16,False,False
id04,True,native,event_window,5x5,0.9,0.95,E90-P95,11.329,3.74,2.9337314871,3.40792025732,0.47418877022,1.11022302463e-16,False,False
id04,True,native,event_window,5x5,0.95,0.25,E95-P25,12.13,0.023,0.148929103188,0.623117873408,0.47418877022,8.67361737988e-19,False,False
id04,True,native,event_window,5x5,0.95,0.5,E95-P50,12.13,1.471,2.92094610283,3.39513487305,0.47418877022,1.11022302463e-16,False,False
id04,True,native,event_window,5x5,0.95,0.75,E95-P75,12.13,2.123,2.9337314871,3.40792025732,0.47418877022,1.11022302463e-16,False,False
id04,True,native,event_window,5x5,0.95,0.9,E95-P90,12.13,3.518,2.9337314871,3.40792025732,0.47418877022,1.11022302463e-16,False,False
id04,True,native,event_window,5x5,0.95,0.95,E95-P95,12.13,3.74,2.9337314871,3.40792025732,0.47418877022,1.11022302463e-16,False,False
id01,False,native,event_window,3x3,0.5,0.5,E50-P50,3.093,1.424,0.879836209751,1.92374775634,1.04391154659,0,True,True
id01,False,native,event_window,3x3,0.5,0.75,E50-P75,3.093,2,0.879836209751,1.92374775634,1.04391154659,0,False,False
id01,False,native,event_window,3x3,0.5,0.9,E50-P90,3.093,4.308,0.879836209751,1.92374775634,1.04391154659,0,False,False
id01,False,native,event_window,3x3,0.75,0.5,E75-P50,6.091,1.424,0.879836209751,1.92374775634,1.04391154659,0,False,True
id01,False,native,event_window,3x3,0.75,0.75,E75-P75,6.091,2,0.879836209751,1.92374775634,1.04391154659,0,False,True
id01,False,native,event_window,3x3,0.75,0.9,E75-P90,6.091,4.308,0.879836209751,1.92374775634,1.04391154659,0,False,False
id01,False,native,event_window,3x3,0.9,0.5,E90-P50,8.182,1.424,0.879836209751,1.92374775634,1.04391154659,0,False,True
id01,False,native,event_window,3x3,0.9,0.75,E90-P75,8.182,2,0.879836209751,1.92374775634,1.04391154659,0,False,False
id01,False,native,event_window,3x3,0.9,0.9,E90-P90,8.182,4.308,0.879836209751,1.92374775634,1.04391154659,0,False,False
id01,False,native,event_window,5x5,0.25,0.25,E25-P25,0.76,0.312,0.673026717115,1.7169382637,1.04391154659,0,True,True
id01,False,native,event_window,5x5,0.25,0.5,E25-P50,0.76,1.424,0.744714455743,1.78862600233,1.04391154659,0,True,False
id01,False,native,event_window,5x5,0.25,0.75,E25-P75,0.76,2,0.744714455743,1.78862600233,1.04391154659,0,False,False
id01,False,native,event_window,5x5,0.25,0.9,E25-P90,0.76,4.308,0.744714455743,1.78862600233,1.04391154659,0,False,False
id01,False,native,event_window,5x5,0.25,0.95,E25-P95,0.76,5.393,0.744714455743,1.78862600233,1.04391154659,0,False,False
id01,False,native,event_window,5x5,0.5,0.25,E50-P25,3.093,0.312,0.680228632303,1.72414017889,1.04391154659,0,True,True
id01,False,native,event_window,5x5,0.5,0.5,E50-P50,3.093,1.424,0.879836209751,1.92374775634,1.04391154659,0,True,False
id01,False,native,event_window,5x5,0.5,0.75,E50-P75,3.093,2,0.879836209751,1.92374775634,1.04391154659,0,False,True
id01,False,native,event_window,5x5,0.5,0.9,E50-P90,3.093,4.308,0.879836209751,1.92374775634,1.04391154659,0,False,False
id01,False,native,event_window,5x5,0.5,0.95,E50-P95,3.093,5.393,0.879836209751,1.92374775634,1.04391154659,0,False,False
id01,False,native,event_window,5x5,0.75,0.25,E75-P25,6.091,0.312,0.680228632303,1.72414017889,1.04391154659,0,False,True
id01,False,native,event_window,5x5,0.75,0.5,E75-P50,6.091,1.424,0.879836209751,1.92374775634,1.04391154659,0,False,False
id01,False,native,event_window,5x5,0.75,0.75,E75-P75,6.091,2,0.879836209751,1.92374775634,1.04391154659,0,False,False
id01,False,native,event_window,5x5,0.75,0.9,E75-P90,6.091,4.308,0.879836209751,1.92374775634,1.04391154659,0,False,False
id01,False,native,event_window,5x5,0.75,0.95,E75-P95,6.091,5.393,0.879836209751,1.92374775634,1.04391154659,0,False,False
id01,False,native,event_window,5x5,0.9,0.25,E90-P25,8.182,0.312,0.680228632303,1.72414017889,1.04391154659,0,False,False
id01,False,native,event_window,5x5,0.9,0.5,E90-P50,8.182,1.424,0.879836209751,1.92374775634,1.04391154659,0,False,False
id01,False,native,event_window,5x5,0.9,0.75,E90-P75,8.182,2,0.879836209751,1.92374775634,1.04391154659,0,False,False
id01,False,native,event_window,5x5,0.9,0.9,E90-P90,8.182,4.308,0.879836209751,1.92374775634,1.04391154659,0,False,False
id01,False,native,event_window,5x5,0.9,0.95,E90-P95,8.182,5.393,0.879836209751,1.92374775634,1.04391154659,0,False,False
id01,False,native,event_window,5x5,0.95,0.25,E95-P25,10.208,0.312,0.680228632303,1.72414017889,1.04391154659,0,False,False
id01,False,native,event_window,5x5,0.95,0.5,E95-P50,10.208,1.424,0.879836209751,1.92374775634,1.04391154659,0,False,False
id01,False,native,event_window,5x5,0.95,0.75,E95-P75,10.208,2,0.879836209751,1.92374775634,1.04391154659,0,False,False
id01,False,native,event_window,5x5,0.95,0.9,E95-P90,10.208,4.308,0.879836209751,1.92374775634,1.04391154659,0,False,False
id01,False,native,event_window,5x5,0.95,0.95,E95-P95,10.208,5.393,0.879836209751,1.92374775634,1.04391154659,0,False,False
id02,False,native,event_window,3x3,0.5,0.5,E50-P50,1.955,0.896,1.26354283103,1.73740771686,0.473864885831,0,True,True
id02,False,native,event_window,3x3,0.5,0.75,E50-P75,1.955,2.264,1.47315316415,1.94701804998,0.473864885831,0,True,False
id02,False,native,event_window,3x3,0.5,0.9,E50-P90,1.955,4.35,1.482306719,1.95617160483,0.473864885831,0,True,False
id02,False,native,event_window,3x3,0.75,0.5,E75-P50,5.079,0.896,1.42970511764,1.90357000347,0.473864885831,0,True,True
id02,False,native,event_window,3x3,0.75,0.75,E75-P75,5.079,2.264,1.8693174407,2.34318232653,0.473864885831,0,True,True
id02,False,native,event_window,3x3,0.75,0.9,E75-P90,5.079,4.35,1.90380836385,2.37767324968,0.473864885831,0,True,False
id02,False,native,event_window,3x3,0.9,0.5,E90-P50,7.048,0.896,1.42970511764,1.90357000347,0.473864885831,0,False,True
id02,False,native,event_window,3x3,0.9,0.75,E90-P75,7.048,2.264,1.8693174407,2.34318232653,0.473864885831,0,False,False
id02,False,native,event_window,3x3,0.9,0.9,E90-P90,7.048,4.35,1.90380836385,2.37767324968,0.473864885831,0,False,False
id02,False,native,event_window,5x5,0.25,0.25,E25-P25,0,0,0,0.473864885831,0.473864885831,0,False,True
id02,False,native,event_window,5x5,0.25,0.5,E25-P50,0,0.896,0,0.473864885831,0.473864885831,0,False,False
id02,False,native,event_window,5x5,0.25,0.75,E25-P75,0,2.264,0,0.473864885831,0.473864885831,0,False,False
id02,False,native,event_window,5x5,0.25,0.9,E25-P90,0,4.35,0,0.473864885831,0.473864885831,0,False,False
id02,False,native,event_window,5x5,0.25,0.95,E25-P95,0,4.996,0,0.473864885831,0.473864885831,0,False,False
id02,False,native,event_window,5x5,0.5,0.25,E50-P25,1.955,0,0,0.473864885831,0.473864885831,0,False,True
id02,False,native,event_window,5x5,0.5,0.5,E50-P50,1.955,0.896,1.26354283103,1.73740771686,0.473864885831,0,True,False
id02,False,native,event_window,5x5,0.5,0.75,E50-P75,1.955,2.264,1.47315316415,1.94701804998,0.473864885831,0,True,True
id02,False,native,event_window,5x5,0.5,0.9,E50-P90,1.955,4.35,1.482306719,1.95617160483,0.473864885831,0,True,False
id02,False,native,event_window,5x5,0.5,0.95,E50-P95,1.955,4.996,1.482306719,1.95617160483,0.473864885831,0,False,False
id02,False,native,event_window,5x5,0.75,0.25,E75-P25,5.079,0,0,0.473864885831,0.473864885831,0,False,True
id02,False,native,event_window,5x5,0.75,0.5,E75-P50,5.079,0.896,1.42970511764,1.90357000347,0.473864885831,0,True,False
id02,False,native,event_window,5x5,0.75,0.75,E75-P75,5.079,2.264,1.8693174407,2.34318232653,0.473864885831,0,True,False
id02,False,native,event_window,5x5,0.75,0.9,E75-P90,5.079,4.35,1.90380836385,2.37767324968,0.473864885831,0,True,False
id02,False,native,event_window,5x5,0.75,0.95,E75-P95,5.079,4.996,1.90380836385,2.37767324968,0.473864885831,0,False,False
id02,False,native,event_window,5x5,0.9,0.25,E90-P25,7.048,0,0,0.473864885831,0.473864885831,0,False,False
id02,False,native,event_window,5x5,0.9,0.5,E90-P50,7.048,0.896,1.42970511764,1.90357000347,0.473864885831,0,False,False
id02,False,native,event_window,5x5,0.9,0.75,E90-P75,7.048,2.264,1.8693174407,2.34318232653,0.473864885831,0,False,False
id02,False,native,event_window,5x5,0.9,0.9,E90-P90,7.048,4.35,1.90380836385,2.37767324968,0.473864885831,0,False,False
id02,False,native,event_window,5x5,0.9,0.95,E90-P95,7.048,4.996,1.90380836385,2.37767324968,0.473864885831,0,False,False
id02,False,native,event_window,5x5,0.95,0.25,E95-P25,8.098,0,0,0.473864885831,0.473864885831,0,False,False
id02,False,native,event_window,5x5,0.95,0.5,E95-P50,8.098,0.896,1.42970511764,1.90357000347,0.473864885831,0,False,False
id02,False,native,event_window,5x5,0.95,0.75,E95-P75,8.098,2.264,1.8693174407,2.34318232653,0.473864885831,0,False,False
id02,False,native,event_window,5x5,0.95,0.9,E95-P90,8.098,4.35,1.90380836385,2.37767324968,0.473864885831,0,False,False
id02,False,native,event_window,5x5,0.95,0.95,E95-P95,8.098,4.996,1.90380836385,2.37767324968,0.473864885831,0,False,False
id03,False,native,event_window,3x3,0.5,0.5,E50-P50,1.408,0.646,0.796643086145,1.19670979549,0.40006670934,0,True,True
id03,False,native,event_window,3x3,0.5,0.75,E50-P75,1.408,1.544,0.987002241433,1.38706895077,0.40006670934,0,True,False
id03,False,native,event_window,3x3,0.5,0.9,E50-P90,1.408,4.135,1.01172316958,1.41178987892,0.40006670934,0,True,False
id03,False,native,event_window,3x3,0.75,0.5,E75-P50,4.626,0.646,0.830496083064,1.2305627924,0.40006670934,0,True,True
id03,False,native,event_window,3x3,0.75,0.75,E75-P75,4.626,1.544,1.09195715896,1.4920238683,0.40006670934,0,True,True
id03,False,native,event_window,3x3,0.75,0.9,E75-P90,4.626,4.135,1.11667808712,1.51674479646,0.40006670934,0,True,False
id03,False,native,event_window,3x3,0.9,0.5,E90-P50,8.522,0.646,0.830496083064,1.2305627924,0.40006670934,0,False,True
id03,False,native,event_window,3x3,0.9,0.75,E90-P75,8.522,1.544,1.09195715896,1.4920238683,0.40006670934,0,False,False
id03,False,native,event_window,3x3,0.9,0.9,E90-P90,8.522,4.135,1.11667808712,1.51674479646,0.40006670934,0,False,False
id03,False,native,event_window,5x5,0.25,0.25,E25-P25,0,0,0,0.40006670934,0.40006670934,0,False,True
id03,False,native,event_window,5x5,0.25,0.5,E25-P50,0,0.646,0,0.40006670934,0.40006670934,0,False,False
id03,False,native,event_window,5x5,0.25,0.75,E25-P75,0,1.544,0,0.40006670934,0.40006670934,0,False,False
id03,False,native,event_window,5x5,0.25,0.9,E25-P90,0,4.135,0,0.40006670934,0.40006670934,0,False,False
id03,False,native,event_window,5x5,0.25,0.95,E25-P95,0,4.782,0,0.40006670934,0.40006670934,0,False,False
id03,False,native,event_window,5x5,0.5,0.25,E50-P25,1.408,0,0,0.40006670934,0.40006670934,0,False,True
id03,False,native,event_window,5x5,0.5,0.5,E50-P50,1.408,0.646,0.796643086145,1.19670979549,0.40006670934,0,True,False
id03,False,native,event_window,5x5,0.5,0.75,E50-P75,1.408,1.544,0.987002241433,1.38706895077,0.40006670934,0,True,True
id03,False,native,event_window,5x5,0.5,0.9,E50-P90,1.408,4.135,1.01172316958,1.41178987892,0.40006670934,0,True,False
id03,False,native,event_window,5x5,0.5,0.95,E50-P95,1.408,4.782,1.01172316958,1.41178987892,0.40006670934,0,False,False
id03,False,native,event_window,5x5,0.75,0.25,E75-P25,4.626,0,0,0.40006670934,0.40006670934,0,False,True
id03,False,native,event_window,5x5,0.75,0.5,E75-P50,4.626,0.646,0.830496083064,1.2305627924,0.40006670934,0,True,False
id03,False,native,event_window,5x5,0.75,0.75,E75-P75,4.626,1.544,1.09195715896,1.4920238683,0.40006670934,0,True,False
id03,False,native,event_window,5x5,0.75,0.9,E75-P90,4.626,4.135,1.11667808712,1.51674479646,0.40006670934,0,True,False
id03,False,native,event_window,5x5,0.75,0.95,E75-P95,4.626,4.782,1.11667808712,1.51674479646,0.40006670934,0,False,False
id03,False,native,event_window,5x5,0.9,0.25,E90-P25,8.522,0,0,0.40006670934,0.40006670934,0,False,False
id03,False,native,event_window,5x5,0.9,0.5,E90-P50,8.522,0.646,0.830496083064,1.2305627924,0.40006670934,0,False,False
id03,False,native,event_window,5x5,0.9,0.75,E90-P75,8.522,1.544,1.09195715896,1.4920238683,0.40006670934,0,False,False
id03,False,native,event_window,5x5,0.9,0.9,E90-P90,8.522,4.135,1.11667808712,1.51674479646,0.40006670934,0,False,False
id03,False,native,event_window,5x5,0.9,0.95,E90-P95,8.522,4.782,1.11667808712,1.51674479646,0.40006670934,0,False,False
id03,False,native,event_window,5x5,0.95,0.25,E95-P25,9.716,0,0,0.40006670934,0.40006670934,0,False,False
id03,False,native,event_window,5x5,0.95,0.5,E95-P50,9.716,0.646,0.830496083064,1.2305627924,0.40006670934,0,False,False
id03,False,native,event_window,5x5,0.95,0.75,E95-P75,9.716,1.544,1.09195715896,1.4920238683,0.40006670934,0,False,False
id03,False,native,event_window,5x5,0.95,0.9,E95-P90,9.716,4.135,1.11667808712,1.51674479646,0.40006670934,0,False,False
id03,False,native,event_window,5x5,0.95,0.95,E95-P95,9.716,4.782,1.11667808712,1.51674479646,0.40006670934,0,False,False
id04,False,native,event_window,3x3,0.5,0.5,E50-P50,3.327,1.479,2.82979568363,3.30398445385,0.47418877022,1.11022302463e-16,True,True
id04,False,native,event_window,3x3,0.5,0.75,E50-P75,3.327,2.153,2.83936426906,3.31355303928,0.47418877022,1.11022302463e-16,True,False
id04,False,native,event_window,3x3,0.5,0.9,E50-P90,3.327,3.554,2.83936426906,3.31355303928,0.47418877022,1.11022302463e-16,False,False
id04,False,native,event_window,3x3,0.75,0.5,E75-P50,7.506,1.479,2.92135711515,3.39554588537,0.47418877022,1.11022302463e-16,True,True
id04,False,native,event_window,3x3,0.75,0.75,E75-P75,7.506,2.153,2.9337314871,3.40792025732,0.47418877022,1.11022302463e-16,True,True
id04,False,native,event_window,3x3,0.75,0.9,E75-P90,7.506,3.554,2.9337314871,3.40792025732,0.47418877022,1.11022302463e-16,False,False
id04,False,native,event_window,3x3,0.9,0.5,E90-P50,11.329,1.479,2.92135711515,3.39554588537,0.47418877022,1.11022302463e-16,False,True
id04,False,native,event_window,3x3,0.9,0.75,E90-P75,11.329,2.153,2.9337314871,3.40792025732,0.47418877022,1.11022302463e-16,False,False
id04,False,native,event_window,3x3,0.9,0.9,E90-P90,11.329,3.554,2.9337314871,3.40792025732,0.47418877022,1.11022302463e-16,False,False
id04,False,native,event_window,5x5,0.25,0.25,E25-P25,0.056,0.023,0.0938424423247,0.568031212545,0.47418877022,8.67361737988e-19,True,True
id04,False,native,event_window,5x5,0.25,0.5,E25-P50,0.056,1.479,0.108047867191,0.582236637411,0.47418877022,6.93889390391e-18,True,False
id04,False,native,event_window,5x5,0.25,0.75,E25-P75,0.056,2.153,0.108047867191,0.582236637411,0.47418877022,6.93889390391e-18,False,False
id04,False,native,event_window,5x5,0.25,0.9,E25-P90,0.056,3.554,0.108047867191,0.582236637411,0.47418877022,6.93889390391e-18,False,False
id04,False,native,event_window,5x5,0.25,0.95,E25-P95,0.056,3.852,0.108047867191,0.582236637411,0.47418877022,6.93889390391e-18,False,False
id04,False,native,event_window,5x5,0.5,0.25,E50-P25,3.327,0.023,0.148929103188,0.623117873408,0.47418877022,8.67361737988e-19,True,True
id04,False,native,event_window,5x5,0.5,0.5,E50-P50,3.327,1.479,2.82979568363,3.30398445385,0.47418877022,1.11022302463e-16,True,False
id04,False,native,event_window,5x5,0.5,0.75,E50-P75,3.327,2.153,2.83936426906,3.31355303928,0.47418877022,1.11022302463e-16,True,True
id04,False,native,event_window,5x5,0.5,0.9,E50-P90,3.327,3.554,2.83936426906,3.31355303928,0.47418877022,1.11022302463e-16,False,False
id04,False,native,event_window,5x5,0.5,0.95,E50-P95,3.327,3.852,2.83936426906,3.31355303928,0.47418877022,1.11022302463e-16,False,False
id04,False,native,event_window,5x5,0.75,0.25,E75-P25,7.506,0.023,0.148929103188,0.623117873408,0.47418877022,8.67361737988e-19,False,True
id04,False,native,event_window,5x5,0.75,0.5,E75-P50,7.506,1.479,2.92135711515,3.39554588537,0.47418877022,1.11022302463e-16,True,False
id04,False,native,event_window,5x5,0.75,0.75,E75-P75,7.506,2.153,2.9337314871,3.40792025732,0.47418877022,1.11022302463e-16,True,False
id04,False,native,event_window,5x5,0.75,0.9,E75-P90,7.506,3.554,2.9337314871,3.40792025732,0.47418877022,1.11022302463e-16,False,False
id04,False,native,event_window,5x5,0.75,0.95,E75-P95,7.506,3.852,2.9337314871,3.40792025732,0.47418877022,1.11022302463e-16,False,False
id04,False,native,event_window,5x5,0.9,0.25,E90-P25,11.329,0.023,0.148929103188,0.623117873408,0.47418877022,8.67361737988e-19,False,False
id04,False,native,event_window,5x5,0.9,0.5,E90-P50,11.329,1.479,2.92135711515,3.39554588537,0.47418877022,1.11022302463e-16,False,False
id04,False,native,event_window,5x5,0.9,0.75,E90-P75,11.329,2.153,2.9337314871,3.40792025732,0.47418877022,1.11022302463e-16,False,False
id04,False,native,event_window,5x5,0.9,0.9,E90-P90,11.329,3.554,2.9337314871,3.40792025732,0.47418877022,1.11022302463e-16,False,False
id04,False,native,event_window,5x5,0.9,0.95,E90-P95,11.329,3.852,2.9337314871,3.40792025732,0.47418877022,1.11022302463e-16,False,False
id04,False,native,event_window,5x5,0.95,0.25,E95-P25,12.13,0.023,0.148929103188,0.623117873408,0.47418877022,8.67361737988e-19,False,False
id04,False,native,event_window,5x5,0.95,0.5,E95-P50,12.13,1.479,2.92135711515,3.39554588537,0.47418877022,1.11022302463e-16,False,False
id04,False,native,event_window,5x5,0.95,0.75,E95-P75,12.13,2.153,2.9337314871,3.40792025732,0.47418877022,1.11022302463e-16,False,False
id04,False,native,event_window,5x5,0.95,0.9,E95-P90,12.13,3.554,2.9337314871,3.40792025732,0.47418877022,1.11022302463e-16,False,False
id04,False,native,event_window,5x5,0.95,0.95,E95-P95,12.13,3.852,2.9337314871,3.40792025732,0.47418877022,1.11022302463e-16,False,False
id01,True,energy_matched,event_window,3x3,0.5,0.5,E50-P50,12.721,4.249,3.11773580863,6.77965212001,3.66191631137,1.73472347598e-18,True,True
id01,True,energy_matched,event_window,3x3,0.5,0.75,E50-P75,12.721,5.763,3.11773580863,6.77965212001,3.66191631137,1.73472347598e-18,False,False
id01,True,energy_matched,event_window,3x3,0.5,0.9,E50-P90,12.721,6.505,3.11773580863,6.77965212001,3.66191631137,1.73472347598e-18,False,False
id01,True,energy_matched,event_window,3x3,0.75,0.5,E75-P50,25.448,4.249,3.11773580863,6.77965212001,3.66191631137,1.73472347598e-18,False,True
id01,True,energy_matched,event_window,3x3,0.75,0.75,E75-P75,25.448,5.763,3.11773580863,6.77965212001,3.66191631137,1.73472347598e-18,False,True
id01,True,energy_matched,event_window,3x3,0.75,0.9,E75-P90,25.448,6.505,3.11773580863,6.77965212001,3.66191631137,1.73472347598e-18,False,False
id01,True,energy_matched,event_window,3x3,0.9,0.5,E90-P50,33.893,4.249,3.11773580863,6.77965212001,3.66191631137,1.73472347598e-18,False,True
id01,True,energy_matched,event_window,3x3,0.9,0.75,E90-P75,33.893,5.763,3.11773580863,6.77965212001,3.66191631137,1.73472347598e-18,False,False
id01,True,energy_matched,event_window,3x3,0.9,0.9,E90-P90,33.893,6.505,3.11773580863,6.77965212001,3.66191631137,1.73472347598e-18,False,False
id01,True,energy_matched,event_window,5x5,0.25,0.25,E25-P25,4.947,1.714,2.71358784284,6.37550415421,3.66191631137,1.73472347598e-18,True,True
id01,True,energy_matched,event_window,5x5,0.25,0.5,E25-P50,4.947,4.249,3.08146098146,6.74337729283,3.66191631137,1.73472347598e-18,True,False
id01,True,energy_matched,event_window,5x5,0.25,0.75,E25-P75,4.947,5.763,3.08146098146,6.74337729283,3.66191631137,1.73472347598e-18,False,False
id01,True,energy_matched,event_window,5x5,0.25,0.9,E25-P90,4.947,6.505,3.08146098146,6.74337729283,3.66191631137,1.73472347598e-18,False,False
id01,True,energy_matched,event_window,5x5,0.25,0.95,E25-P95,4.947,6.659,3.08146098146,6.74337729283,3.66191631137,1.73472347598e-18,False,False
id01,True,energy_matched,event_window,5x5,0.5,0.25,E50-P25,12.721,1.714,2.71358784284,6.37550415421,3.66191631137,1.73472347598e-18,False,True
id01,True,energy_matched,event_window,5x5,0.5,0.5,E50-P50,12.721,4.249,3.11773580863,6.77965212001,3.66191631137,1.73472347598e-18,True,False
id01,True,energy_matched,event_window,5x5,0.5,0.75,E50-P75,12.721,5.763,3.11773580863,6.77965212001,3.66191631137,1.73472347598e-18,False,True
id01,True,energy_matched,event_window,5x5,0.5,0.9,E50-P90,12.721,6.505,3.11773580863,6.77965212001,3.66191631137,1.73472347598e-18,False,False
id01,True,energy_matched,event_window,5x5,0.5,0.95,E50-P95,12.721,6.659,3.11773580863,6.77965212001,3.66191631137,1.73472347598e-18,False,False
id01,True,energy_matched,event_window,5x5,0.75,0.25,E75-P25,25.448,1.714,2.71358784284,6.37550415421,3.66191631137,1.73472347598e-18,False,True
id01,True,energy_matched,event_window,5x5,0.75,0.5,E75-P50,25.448,4.249,3.11773580863,6.77965212001,3.66191631137,1.73472347598e-18,False,False
id01,True,energy_matched,event_window,5x5,0.75,0.75,E75-P75,25.448,5.763,3.11773580863,6.77965212001,3.66191631137,1.73472347598e-18,False,False
id01,True,energy_matched,event_window,5x5,0.75,0.9,E75-P90,25.448,6.505,3.11773580863,6.77965212001,3.66191631137,1.73472347598e-18,False,False
id01,True,energy_matched,event_window,5x5,0.75,0.95,E75-P95,25.448,6.659,3.11773580863,6.77965212001,3.66191631137,1.73472347598e-18,False,False
id01,True,energy_matched,event_window,5x5,0.9,0.25,E90-P25,33.893,1.714,2.71358784284,6.37550415421,3.66191631137,1.73472347598e-18,False,False
id01,True,energy_matched,event_window,5x5,0.9,0.5,E90-P50,33.893,4.249,3.11773580863,6.77965212001,3.66191631137,1.73472347598e-18,False,False
id01,True,energy_matched,event_window,5x5,0.9,0.75,E90-P75,33.893,5.763,3.11773580863,6.77965212001,3.66191631137,1.73472347598e-18,False,False
id01,True,energy_matched,event_window,5x5,0.9,0.9,E90-P90,33.893,6.505,3.11773580863,6.77965212001,3.66191631137,1.73472347598e-18,False,False
id01,True,energy_matched,event_window,5x5,0.9,0.95,E90-P95,33.893,6.659,3.11773580863,6.77965212001,3.66191631137,1.73472347598e-18,False,False
id01,True,energy_matched,event_window,5x5,0.95,0.25,E95-P25,37.891,1.714,2.71358784284,6.37550415421,3.66191631137,1.73472347598e-18,False,False
id01,True,energy_matched,event_window,5x5,0.95,0.5,E95-P50,37.891,4.249,3.11773580863,6.77965212001,3.66191631137,1.73472347598e-18,False,False
id01,True,energy_matched,event_window,5x5,0.95,0.75,E95-P75,37.891,5.763,3.11773580863,6.77965212001,3.66191631137,1.73472347598e-18,False,False
id01,True,energy_matched,event_window,5x5,0.95,0.9,E95-P90,37.891,6.505,3.11773580863,6.77965212001,3.66191631137,1.73472347598e-18,False,False
id01,True,energy_matched,event_window,5x5,0.95,0.95,E95-P95,37.891,6.659,3.11773580863,6.77965212001,3.66191631137,1.73472347598e-18,False,False
id02,True,energy_matched,event_window,3x3,0.5,0.5,E50-P50,21.057,5.617,5.94709787733,9.61128136281,3.66418348548,4.33680868994e-19,True,True
id02,True,energy_matched,event_window,3x3,0.5,0.75,E50-P75,21.057,12.035,6.04699011885,9.71117360433,3.66418348548,4.33680868994e-19,True,False
id02,True,energy_matched,event_window,3x3,0.5,0.9,E50-P90,21.057,14.186,6.04699011885,9.71117360433,3.66418348548,4.33680868994e-19,False,False
id02,True,energy_matched,event_window,3x3,0.75,0.5,E75-P50,51.363,5.617,5.94709787733,9.61128136281,3.66418348548,4.33680868994e-19,False,True
id02,True,energy_matched,event_window,3x3,0.75,0.75,E75-P75,51.363,12.035,6.04699011885,9.71117360433,3.66418348548,4.33680868994e-19,False,True
id02,True,energy_matched,event_window,3x3,0.75,0.9,E75-P90,51.363,14.186,6.04699011885,9.71117360433,3.66418348548,4.33680868994e-19,False,False
id02,True,energy_matched,event_window,3x3,0.9,0.5,E90-P50,73.477,5.617,5.94709787733,9.61128136281,3.66418348548,4.33680868994e-19,False,True
id02,True,energy_matched,event_window,3x3,0.9,0.75,E90-P75,73.477,12.035,6.04699011885,9.71117360433,3.66418348548,4.33680868994e-19,False,False
id02,True,energy_matched,event_window,3x3,0.9,0.9,E90-P90,73.477,14.186,6.04699011885,9.71117360433,3.66418348548,4.33680868994e-19,False,False
id02,True,energy_matched,event_window,5x5,0.25,0.25,E25-P25,0,0,0,3.66418348548,3.66418348548,0,False,True
id02,True,energy_matched,event_window,5x5,0.25,0.5,E25-P50,0,5.617,0,3.66418348548,3.66418348548,0,False,False
id02,True,energy_matched,event_window,5x5,0.25,0.75,E25-P75,0,12.035,0,3.66418348548,3.66418348548,0,False,False
id02,True,energy_matched,event_window,5x5,0.25,0.9,E25-P90,0,14.186,0,3.66418348548,3.66418348548,0,False,False
id02,True,energy_matched,event_window,5x5,0.25,0.95,E25-P95,0,14.686,0,3.66418348548,3.66418348548,0,False,False
id02,True,energy_matched,event_window,5x5,0.5,0.25,E50-P25,21.057,0,0,3.66418348548,3.66418348548,0,False,True
id02,True,energy_matched,event_window,5x5,0.5,0.5,E50-P50,21.057,5.617,5.94709787733,9.61128136281,3.66418348548,4.33680868994e-19,True,False
id02,True,energy_matched,event_window,5x5,0.5,0.75,E50-P75,21.057,12.035,6.04699011885,9.71117360433,3.66418348548,4.33680868994e-19,True,True
id02,True,energy_matched,event_window,5x5,0.5,0.9,E50-P90,21.057,14.186,6.04699011885,9.71117360433,3.66418348548,4.33680868994e-19,False,False
id02,True,energy_matched,event_window,5x5,0.5,0.95,E50-P95,21.057,14.686,6.04699011885,9.71117360433,3.66418348548,4.33680868994e-19,False,False
id02,True,energy_matched,event_window,5x5,0.75,0.25,E75-P25,51.363,0,0,3.66418348548,3.66418348548,0,False,True
id02,True,energy_matched,event_window,5x5,0.75,0.5,E75-P50,51.363,5.617,5.94709787733,9.61128136281,3.66418348548,4.33680868994e-19,False,False
id02,True,energy_matched,event_window,5x5,0.75,0.75,E75-P75,51.363,12.035,6.04699011885,9.71117360433,3.66418348548,4.33680868994e-19,False,False
id02,True,energy_matched,event_window,5x5,0.75,0.9,E75-P90,51.363,14.186,6.04699011885,9.71117360433,3.66418348548,4.33680868994e-19,False,False
id02,True,energy_matched,event_window,5x5,0.75,0.95,E75-P95,51.363,14.686,6.04699011885,9.71117360433,3.66418348548,4.33680868994e-19,False,False
id02,True,energy_matched,event_window,5x5,0.9,0.25,E90-P25,73.477,0,0,3.66418348548,3.66418348548,0,False,False
id02,True,energy_matched,event_window,5x5,0.9,0.5,E90-P50,73.477,5.617,5.94709787733,9.61128136281,3.66418348548,4.33680868994e-19,False,False
id02,True,energy_matched,event_window,5x5,0.9,0.75,E90-P75,73.477,12.035,6.04699011885,9.71117360433,3.66418348548,4.33680868994e-19,False,False
id02,True,energy_matched,event_window,5x5,0.9,0.9,E90-P90,73.477,14.186,6.04699011885,9.71117360433,3.66418348548,4.33680868994e-19,False,False
id02,True,energy_matched,event_window,5x5,0.9,0.95,E90-P95,73.477,14.686,6.04699011885,9.71117360433,3.66418348548,4.33680868994e-19,False,False
id02,True,energy_matched,event_window,5x5,0.95,0.25,E95-P25,85.197,0,0,3.66418348548,3.66418348548,0,False,False
id02,True,energy_matched,event_window,5x5,0.95,0.5,E95-P50,85.197,5.617,5.94709787733,9.61128136281,3.66418348548,4.33680868994e-19,False,False
id02,True,energy_matched,event_window,5x5,0.95,0.75,E95-P75,85.197,12.035,6.04699011885,9.71117360433,3.66418348548,4.33680868994e-19,False,False
id02,True,energy_matched,event_window,5x5,0.95,0.9,E95-P90,85.197,14.186,6.04699011885,9.71117360433,3.66418348548,4.33680868994e-19,False,False
id02,True,energy_matched,event_window,5x5,0.95,0.95,E95-P95,85.197,14.686,6.04699011885,9.71117360433,3.66418348548,4.33680868994e-19,False,False
id03,True,energy_matched,event_window,3x3,0.5,0.5,E50-P50,9.551,3.478,3.60243905778,6.35278168887,2.75034263109,0,True,True
id03,True,energy_matched,event_window,3x3,0.5,0.75,E50-P75,9.551,6.743,3.74236080277,6.49270343385,2.75034263109,0,True,False
id03,True,energy_matched,event_window,3x3,0.5,0.9,E50-P90,9.551,9.53,3.74236080277,6.49270343385,2.75034263109,0,False,False
id03,True,energy_matched,event_window,3x3,0.75,0.5,E75-P50,31.356,3.478,3.72570177716,6.47604440825,2.75034263109,0,True,True
id03,True,energy_matched,event_window,3x3,0.75,0.75,E75-P75,31.356,6.743,3.86562352215,6.61596615323,2.75034263109,0,True,True
id03,True,energy_matched,event_window,3x3,0.75,0.9,E75-P90,31.356,9.53,3.86562352215,6.61596615323,2.75034263109,0,False,False
id03,True,energy_matched,event_window,3x3,0.9,0.5,E90-P50,58.959,3.478,3.72570177716,6.47604440825,2.75034263109,0,False,True
id03,True,energy_matched,event_window,3x3,0.9,0.75,E90-P75,58.959,6.743,3.86562352215,6.61596615323,2.75034263109,0,False,False
id03,True,energy_matched,event_window,3x3,0.9,0.9,E90-P90,58.959,9.53,3.86562352215,6.61596615323,2.75034263109,0,False,False
id03,True,energy_matched,event_window,5x5,0.25,0.25,E25-P25,0,0,0,2.75034263109,2.75034263109,0,False,True
id03,True,energy_matched,event_window,5x5,0.25,0.5,E25-P50,0,3.478,0,2.75034263109,2.75034263109,0,False,False
id03,True,energy_matched,event_window,5x5,0.25,0.75,E25-P75,0,6.743,0,2.75034263109,2.75034263109,0,False,False
id03,True,energy_matched,event_window,5x5,0.25,0.9,E25-P90,0,9.53,0,2.75034263109,2.75034263109,0,False,False
id03,True,energy_matched,event_window,5x5,0.25,0.95,E25-P95,0,10.119,0,2.75034263109,2.75034263109,0,False,False
id03,True,energy_matched,event_window,5x5,0.5,0.25,E50-P25,9.551,0,0,2.75034263109,2.75034263109,0,False,True
id03,True,energy_matched,event_window,5x5,0.5,0.5,E50-P50,9.551,3.478,3.60243905778,6.35278168887,2.75034263109,0,True,False
id03,True,energy_matched,event_window,5x5,0.5,0.75,E50-P75,9.551,6.743,3.74236080277,6.49270343385,2.75034263109,0,True,True
id03,True,energy_matched,event_window,5x5,0.5,0.9,E50-P90,9.551,9.53,3.74236080277,6.49270343385,2.75034263109,0,False,False
id03,True,energy_matched,event_window,5x5,0.5,0.95,E50-P95,9.551,10.119,3.74236080277,6.49270343385,2.75034263109,0,False,False
id03,True,energy_matched,event_window,5x5,0.75,0.25,E75-P25,31.356,0,0,2.75034263109,2.75034263109,0,False,True
id03,True,energy_matched,event_window,5x5,0.75,0.5,E75-P50,31.356,3.478,3.72570177716,6.47604440825,2.75034263109,0,True,False
id03,True,energy_matched,event_window,5x5,0.75,0.75,E75-P75,31.356,6.743,3.86562352215,6.61596615323,2.75034263109,0,True,False
id03,True,energy_matched,event_window,5x5,0.75,0.9,E75-P90,31.356,9.53,3.86562352215,6.61596615323,2.75034263109,0,False,False
id03,True,energy_matched,event_window,5x5,0.75,0.95,E75-P95,31.356,10.119,3.86562352215,6.61596615323,2.75034263109,0,False,False
id03,True,energy_matched,event_window,5x5,0.9,0.25,E90-P25,58.959,0,0,2.75034263109,2.75034263109,0,False,False
id03,True,energy_matched,event_window,5x5,0.9,0.5,E90-P50,58.959,3.478,3.72570177716,6.47604440825,2.75034263109,0,False,False
id03,True,energy_matched,event_window,5x5,0.9,0.75,E90-P75,58.959,6.743,3.86562352215,6.61596615323,2.75034263109,0,False,False
id03,True,energy_matched,event_window,5x5,0.9,0.9,E90-P90,58.959,9.53,3.86562352215,6.61596615323,2.75034263109,0,False,False
id03,True,energy_matched,event_window,5x5,0.9,0.95,E90-P95,58.959,10.119,3.86562352215,6.61596615323,2.75034263109,0,False,False
id03,True,energy_matched,event_window,5x5,0.95,0.25,E95-P25,66.709,0,0,2.75034263109,2.75034263109,0,False,False
id03,True,energy_matched,event_window,5x5,0.95,0.5,E95-P50,66.709,3.478,3.72570177716,6.47604440825,2.75034263109,0,False,False
id03,True,energy_matched,event_window,5x5,0.95,0.75,E95-P75,66.709,6.743,3.86562352215,6.61596615323,2.75034263109,0,False,False
id03,True,energy_matched,event_window,5x5,0.95,0.9,E95-P90,66.709,9.53,3.86562352215,6.61596615323,2.75034263109,0,False,False
id03,True,energy_matched,event_window,5x5,0.95,0.95,E95-P95,66.709,10.119,3.86562352215,6.61596615323,2.75034263109,0,False,False
id04,True,energy_matched,event_window,3x3,0.5,0.5,E50-P50,14.119,4.052,8.85729326039,10.1657559174,1.30846265701,0,True,True
id04,True,energy_matched,event_window,3x3,0.5,0.75,E50-P75,14.119,7.327,9.04045061086,10.3489132679,1.30846265701,0,True,False
id04,True,energy_matched,event_window,3x3,0.5,0.9,E50-P90,14.119,8.293,9.04045061086,10.3489132679,1.30846265701,0,False,False
id04,True,energy_matched,event_window,3x3,0.75,0.5,E75-P50,31.196,4.052,8.92411961598,10.232582273,1.30846265701,0,True,True
id04,True,energy_matched,event_window,3x3,0.75,0.75,E75-P75,31.196,7.327,9.2774842173,10.5859468743,1.30846265701,0,True,True
id04,True,energy_matched,event_window,3x3,0.75,0.9,E75-P90,31.196,8.293,9.2774842173,10.5859468743,1.30846265701,0,False,False
id04,True,energy_matched,event_window,3x3,0.9,0.5,E90-P50,48.825,4.052,8.92411961598,10.232582273,1.30846265701,0,False,True
id04,True,energy_matched,event_window,3x3,0.9,0.75,E90-P75,48.825,7.327,9.2774842173,10.5859468743,1.30846265701,0,False,False
id04,True,energy_matched,event_window,3x3,0.9,0.9,E90-P90,48.825,8.293,9.2774842173,10.5859468743,1.30846265701,0,False,False
id04,True,energy_matched,event_window,5x5,0.25,0.25,E25-P25,0.243,0.095,0.402489309495,1.71095196651,1.30846265701,0,True,True
id04,True,energy_matched,event_window,5x5,0.25,0.5,E25-P50,0.243,4.052,0.455059352289,1.7635220093,1.30846265701,6.93889390391e-18,True,False
id04,True,energy_matched,event_window,5x5,0.25,0.75,E25-P75,0.243,7.327,0.455059352289,1.7635220093,1.30846265701,6.93889390391e-18,False,False
id04,True,energy_matched,event_window,5x5,0.25,0.9,E25-P90,0.243,8.293,0.455059352289,1.7635220093,1.30846265701,6.93889390391e-18,False,False
id04,True,energy_matched,event_window,5x5,0.25,0.95,E25-P95,0.243,8.446,0.455059352289,1.7635220093,1.30846265701,6.93889390391e-18,False,False
id04,True,energy_matched,event_window,5x5,0.5,0.25,E50-P25,14.119,0.095,0.610954702252,1.91941735927,1.30846265701,0,True,True
id04,True,energy_matched,event_window,5x5,0.5,0.5,E50-P50,14.119,4.052,8.85729326039,10.1657559174,1.30846265701,0,True,False
id04,True,energy_matched,event_window,5x5,0.5,0.75,E50-P75,14.119,7.327,9.04045061086,10.3489132679,1.30846265701,0,True,True
id04,True,energy_matched,event_window,5x5,0.5,0.9,E50-P90,14.119,8.293,9.04045061086,10.3489132679,1.30846265701,0,False,False
id04,True,energy_matched,event_window,5x5,0.5,0.95,E50-P95,14.119,8.446,9.04045061086,10.3489132679,1.30846265701,0,False,False
id04,True,energy_matched,event_window,5x5,0.75,0.25,E75-P25,31.196,0.095,0.610954702252,1.91941735927,1.30846265701,0,False,True
id04,True,energy_matched,event_window,5x5,0.75,0.5,E75-P50,31.196,4.052,8.92411961598,10.232582273,1.30846265701,0,True,False
id04,True,energy_matched,event_window,5x5,0.75,0.75,E75-P75,31.196,7.327,9.2774842173,10.5859468743,1.30846265701,0,True,False
id04,True,energy_matched,event_window,5x5,0.75,0.9,E75-P90,31.196,8.293,9.2774842173,10.5859468743,1.30846265701,0,False,False
id04,True,energy_matched,event_window,5x5,0.75,0.95,E75-P95,31.196,8.446,9.2774842173,10.5859468743,1.30846265701,0,False,False
id04,True,energy_matched,event_window,5x5,0.9,0.25,E90-P25,48.825,0.095,0.610954702252,1.91941735927,1.30846265701,0,False,False
id04,True,energy_matched,event_window,5x5,0.9,0.5,E90-P50,48.825,4.052,8.92411961598,10.232582273,1.30846265701,0,False,False
id04,True,energy_matched,event_window,5x5,0.9,0.75,E90-P75,48.825,7.327,9.2774842173,10.5859468743,1.30846265701,0,False,False
id04,True,energy_matched,event_window,5x5,0.9,0.9,E90-P90,48.825,8.293,9.2774842173,10.5859468743,1.30846265701,0,False,False
id04,True,energy_matched,event_window,5x5,0.9,0.95,E90-P95,48.825,8.446,9.2774842173,10.5859468743,1.30846265701,0,False,False
id04,True,energy_matched,event_window,5x5,0.95,0.25,E95-P25,51.279,0.095,0.610954702252,1.91941735927,1.30846265701,0,False,False
id04,True,energy_matched,event_window,5x5,0.95,0.5,E95-P50,51.279,4.052,8.92411961598,10.232582273,1.30846265701,0,False,False
id04,True,energy_matched,event_window,5x5,0.95,0.75,E95-P75,51.279,7.327,9.2774842173,10.5859468743,1.30846265701,0,False,False
id04,True,energy_matched,event_window,5x5,0.95,0.9,E95-P90,51.279,8.293,9.2774842173,10.5859468743,1.30846265701,0,False,False
id04,True,energy_matched,event_window,5x5,0.95,0.95,E95-P95,51.279,8.446,9.2774842173,10.5859468743,1.30846265701,0,False,False
id01,True,native,active_time_frontloaded,3x3,0.5,0.5,E50-P50,3.791,1.604,1.0025819327,1.33832351357,0.335741580868,0,True,True
id01,True,native,active_time_frontloaded,3x3,0.5,0.75,E50-P75,3.791,3.164,1.10270965974,1.43845124061,0.335741580868,0,True,False
id01,True,native,active_time_frontloaded,3x3,0.5,0.9,E50-P90,3.791,6.153,1.10834845931,1.44409004018,0.335741580868,0,True,False
id01,True,native,active_time_frontloaded,3x3,0.75,0.5,E75-P50,6.066,1.604,1.0025819327,1.33832351357,0.335741580868,0,False,True
id01,True,native,active_time_frontloaded,3x3,0.75,0.75,E75-P75,6.066,3.164,1.10270965974,1.43845124061,0.335741580868,0,False,True
id01,True,native,active_time_frontloaded,3x3,0.75,0.9,E75-P90,6.066,6.153,1.10834845931,1.44409004018,0.335741580868,0,False,False
id01,True,native,active_time_frontloaded,3x3,0.9,0.5,E90-P50,8.026,1.604,1.0025819327,1.33832351357,0.335741580868,0,False,True
id01,True,native,active_time_frontloaded,3x3,0.9,0.75,E90-P75,8.026,3.164,1.10270965974,1.43845124061,0.335741580868,0,False,False
id01,True,native,active_time_frontloaded,3x3,0.9,0.9,E90-P90,8.026,6.153,1.10834845931,1.44409004018,0.335741580868,0,False,False
id01,True,native,active_time_frontloaded,5x5,0.25,0.25,E25-P25,1.636,0.658,0.927203157755,1.26294473862,0.335741580868,2.77555756156e-17,True,True
id01,True,native,active_time_frontloaded,5x5,0.25,0.5,E25-P50,1.636,1.604,1.0025819327,1.33832351357,0.335741580868,0,True,False
id01,True,native,active_time_frontloaded,5x5,0.25,0.75,E25-P75,1.636,3.164,1.09886448232,1.43460606318,0.335741580868,0,True,False
id01,True,native,active_time_frontloaded,5x5,0.25,0.9,E25-P90,1.636,6.153,1.09886448232,1.43460606318,0.335741580868,0,False,False
id01,True,native,active_time_frontloaded,5x5,0.25,0.95,E25-P95,1.636,6.394,1.09886448232,1.43460606318,0.335741580868,0,False,False
id01,True,native,active_time_frontloaded,5x5,0.5,0.25,E50-P25,3.791,0.658,0.927203157755,1.26294473862,0.335741580868,2.77555756156e-17,False,True
id01,True,native,active_time_frontloaded,5x5,0.5,0.5,E50-P50,3.791,1.604,1.0025819327,1.33832351357,0.335741580868,0,False,False
id01,True,native,active_time_frontloaded,5x5,0.5,0.75,E50-P75,3.791,3.164,1.10270965974,1.43845124061,0.335741580868,0,True,True
id01,True,native,active_time_frontloaded,5x5,0.5,0.9,E50-P90,3.791,6.153,1.10834845931,1.44409004018,0.335741580868,0,True,False
id01,True,native,active_time_frontloaded,5x5,0.5,0.95,E50-P95,3.791,6.394,1.10834845931,1.44409004018,0.335741580868,0,False,False
id01,True,native,active_time_frontloaded,5x5,0.75,0.25,E75-P25,6.066,0.658,0.927203157755,1.26294473862,0.335741580868,2.77555756156e-17,False,True
id01,True,native,active_time_frontloaded,5x5,0.75,0.5,E75-P50,6.066,1.604,1.0025819327,1.33832351357,0.335741580868,0,False,False
id01,True,native,active_time_frontloaded,5x5,0.75,0.75,E75-P75,6.066,3.164,1.10270965974,1.43845124061,0.335741580868,0,False,False
id01,True,native,active_time_frontloaded,5x5,0.75,0.9,E75-P90,6.066,6.153,1.10834845931,1.44409004018,0.335741580868,0,False,False
id01,True,native,active_time_frontloaded,5x5,0.75,0.95,E75-P95,6.066,6.394,1.10834845931,1.44409004018,0.335741580868,0,False,False
id01,True,native,active_time_frontloaded,5x5,0.9,0.25,E90-P25,8.026,0.658,0.927203157755,1.26294473862,0.335741580868,2.77555756156e-17,False,False
id01,True,native,active_time_frontloaded,5x5,0.9,0.5,E90-P50,8.026,1.604,1.0025819327,1.33832351357,0.335741580868,0,False,False
id01,True,native,active_time_frontloaded,5x5,0.9,0.75,E90-P75,8.026,3.164,1.10270965974,1.43845124061,0.335741580868,0,False,False
id01,True,native,active_time_frontloaded,5x5,0.9,0.9,E90-P90,8.026,6.153,1.10834845931,1.44409004018,0.335741580868,0,False,False
id01,True,native,active_time_frontloaded,5x5,0.9,0.95,E90-P95,8.026,6.394,1.10834845931,1.44409004018,0.335741580868,0,False,False
id01,True,native,active_time_frontloaded,5x5,0.95,0.25,E95-P25,10.494,0.658,0.927203157755,1.26294473862,0.335741580868,2.77555756156e-17,False,False
id01,True,native,active_time_frontloaded,5x5,0.95,0.5,E95-P50,10.494,1.604,1.0025819327,1.33832351357,0.335741580868,0,False,False
id01,True,native,active_time_frontloaded,5x5,0.95,0.75,E95-P75,10.494,3.164,1.10270965974,1.43845124061,0.335741580868,0,False,False
id01,True,native,active_time_frontloaded,5x5,0.95,0.9,E95-P90,10.494,6.153,1.10834845931,1.44409004018,0.335741580868,0,False,False
id01,True,native,active_time_frontloaded,5x5,0.95,0.95,E95-P95,10.494,6.394,1.10834845931,1.44409004018,0.335741580868,0,False,False
id02,True,native,active_time_frontloaded,3x3,0.5,0.5,E50-P50,2.147,0.952,1.49889132793,1.59365574698,0.0947644190523,5.55111512313e-17,True,True
id02,True,native,active_time_frontloaded,3x3,0.5,0.75,E50-P75,2.147,3.789,1.79394488342,1.88870930247,0.0947644190523,5.55111512313e-17,True,False
id02,True,native,active_time_frontloaded,3x3,0.5,0.9,E50-P90,2.147,6.623,1.79394488342,1.88870930247,0.0947644190523,5.55111512313e-17,False,False
id02,True,native,active_time_frontloaded,3x3,0.75,0.5,E75-P50,5.164,0.952,1.67725081933,1.77201523838,0.0947644190523,5.55111512313e-17,True,True
id02,True,native,active_time_frontloaded,3x3,0.75,0.75,E75-P75,5.164,3.789,2.30740093291,2.40216535197,0.0947644190523,5.55111512313e-17,True,True
id02,True,native,active_time_frontloaded,3x3,0.75,0.9,E75-P90,5.164,6.623,2.30740093291,2.40216535197,0.0947644190523,5.55111512313e-17,False,False
id02,True,native,active_time_frontloaded,3x3,0.9,0.5,E90-P50,7.25,0.952,1.67725081933,1.77201523838,0.0947644190523,5.55111512313e-17,False,True
id02,True,native,active_time_frontloaded,3x3,0.9,0.75,E90-P75,7.25,3.789,2.30740093291,2.40216535197,0.0947644190523,5.55111512313e-17,False,False
id02,True,native,active_time_frontloaded,3x3,0.9,0.9,E90-P90,7.25,6.623,2.30740093291,2.40216535197,0.0947644190523,5.55111512313e-17,False,False
id02,True,native,active_time_frontloaded,5x5,0.25,0.25,E25-P25,0,0,0,0.0947644190523,0.0947644190523,0,False,True
id02,True,native,active_time_frontloaded,5x5,0.25,0.5,E25-P50,0,0.952,0,0.0947644190523,0.0947644190523,0,False,False
id02,True,native,active_time_frontloaded,5x5,0.25,0.75,E25-P75,0,3.789,0,0.0947644190523,0.0947644190523,0,False,False
id02,True,native,active_time_frontloaded,5x5,0.25,0.9,E25-P90,0,6.623,0,0.0947644190523,0.0947644190523,0,False,False
id02,True,native,active_time_frontloaded,5x5,0.25,0.95,E25-P95,0,6.822,0,0.0947644190523,0.0947644190523,0,False,False
id02,True,native,active_time_frontloaded,5x5,0.5,0.25,E50-P25,2.147,0,0,0.0947644190523,0.0947644190523,0,False,True
id02,True,native,active_time_frontloaded,5x5,0.5,0.5,E50-P50,2.147,0.952,1.49889132793,1.59365574698,0.0947644190523,5.55111512313e-17,True,False
id02,True,native,active_time_frontloaded,5x5,0.5,0.75,E50-P75,2.147,3.789,1.79394488342,1.88870930247,0.0947644190523,5.55111512313e-17,True,True
id02,True,native,active_time_frontloaded,5x5,0.5,0.9,E50-P90,2.147,6.623,1.79394488342,1.88870930247,0.0947644190523,5.55111512313e-17,False,False
id02,True,native,active_time_frontloaded,5x5,0.5,0.95,E50-P95,2.147,6.822,1.79394488342,1.88870930247,0.0947644190523,5.55111512313e-17,False,False
id02,True,native,active_time_frontloaded,5x5,0.75,0.25,E75-P25,5.164,0,0,0.0947644190523,0.0947644190523,0,False,True
id02,True,native,active_time_frontloaded,5x5,0.75,0.5,E75-P50,5.164,0.952,1.67725081933,1.77201523838,0.0947644190523,5.55111512313e-17,True,False
id02,True,native,active_time_frontloaded,5x5,0.75,0.75,E75-P75,5.164,3.789,2.30740093291,2.40216535197,0.0947644190523,5.55111512313e-17,True,False
id02,True,native,active_time_frontloaded,5x5,0.75,0.9,E75-P90,5.164,6.623,2.30740093291,2.40216535197,0.0947644190523,5.55111512313e-17,False,False
id02,True,native,active_time_frontloaded,5x5,0.75,0.95,E75-P95,5.164,6.822,2.30740093291,2.40216535197,0.0947644190523,5.55111512313e-17,False,False
id02,True,native,active_time_frontloaded,5x5,0.9,0.25,E90-P25,7.25,0,0,0.0947644190523,0.0947644190523,0,False,False
id02,True,native,active_time_frontloaded,5x5,0.9,0.5,E90-P50,7.25,0.952,1.67725081933,1.77201523838,0.0947644190523,5.55111512313e-17,False,False
id02,True,native,active_time_frontloaded,5x5,0.9,0.75,E90-P75,7.25,3.789,2.30740093291,2.40216535197,0.0947644190523,5.55111512313e-17,False,False
id02,True,native,active_time_frontloaded,5x5,0.9,0.9,E90-P90,7.25,6.623,2.30740093291,2.40216535197,0.0947644190523,5.55111512313e-17,False,False
id02,True,native,active_time_frontloaded,5x5,0.9,0.95,E90-P95,7.25,6.822,2.30740093291,2.40216535197,0.0947644190523,5.55111512313e-17,False,False
id02,True,native,active_time_frontloaded,5x5,0.95,0.25,E95-P25,8.672,0,0,0.0947644190523,0.0947644190523,0,False,False
id02,True,native,active_time_frontloaded,5x5,0.95,0.5,E95-P50,8.672,0.952,1.67725081933,1.77201523838,0.0947644190523,5.55111512313e-17,False,False
id02,True,native,active_time_frontloaded,5x5,0.95,0.75,E95-P75,8.672,3.789,2.30740093291,2.40216535197,0.0947644190523,5.55111512313e-17,False,False
id02,True,native,active_time_frontloaded,5x5,0.95,0.9,E95-P90,8.672,6.623,2.30740093291,2.40216535197,0.0947644190523,5.55111512313e-17,False,False
id02,True,native,active_time_frontloaded,5x5,0.95,0.95,E95-P95,8.672,6.822,2.30740093291,2.40216535197,0.0947644190523,5.55111512313e-17,False,False
id03,True,native,active_time_frontloaded,3x3,0.5,0.5,E50-P50,1.519,0.67,0.947558275196,1.05958126838,0.112022993183,0,True,True
id03,True,native,active_time_frontloaded,3x3,0.5,0.75,E50-P75,1.519,1.797,1.27836626408,1.39038925727,0.112022993183,0,True,False
id03,True,native,active_time_frontloaded,3x3,0.5,0.9,E50-P90,1.519,6.433,1.2907502387,1.40277323189,0.112022993183,0,True,False
id03,True,native,active_time_frontloaded,3x3,0.75,0.5,E75-P50,4.775,0.67,0.986602907586,1.09862590077,0.112022993183,0,True,True
id03,True,native,active_time_frontloaded,3x3,0.75,0.75,E75-P75,4.775,1.797,1.36173534984,1.47375834303,0.112022993183,0,True,True
id03,True,native,active_time_frontloaded,3x3,0.75,0.9,E75-P90,4.775,6.433,1.37411932446,1.48614231765,0.112022993183,0,True,False
id03,True,native,active_time_frontloaded,3x3,0.9,0.5,E90-P50,8.834,0.67,0.986602907586,1.09862590077,0.112022993183,0,False,True
id03,True,native,active_time_frontloaded,3x3,0.9,0.75,E90-P75,8.834,1.797,1.36173534984,1.47375834303,0.112022993183,0,False,False
id03,True,native,active_time_frontloaded,3x3,0.9,0.9,E90-P90,8.834,6.433,1.37411932446,1.48614231765,0.112022993183,0,False,False
id03,True,native,active_time_frontloaded,5x5,0.25,0.25,E25-P25,0,0,0,0.112022993183,0.112022993183,0,False,True
id03,True,native,active_time_frontloaded,5x5,0.25,0.5,E25-P50,0,0.67,0,0.112022993183,0.112022993183,0,False,False
id03,True,native,active_time_frontloaded,5x5,0.25,0.75,E25-P75,0,1.797,0,0.112022993183,0.112022993183,0,False,False
id03,True,native,active_time_frontloaded,5x5,0.25,0.9,E25-P90,0,6.433,0,0.112022993183,0.112022993183,0,False,False
id03,True,native,active_time_frontloaded,5x5,0.25,0.95,E25-P95,0,6.566,0,0.112022993183,0.112022993183,0,False,False
id03,True,native,active_time_frontloaded,5x5,0.5,0.25,E50-P25,1.519,0,0,0.112022993183,0.112022993183,0,False,True
id03,True,native,active_time_frontloaded,5x5,0.5,0.5,E50-P50,1.519,0.67,0.947558275196,1.05958126838,0.112022993183,0,True,False
id03,True,native,active_time_frontloaded,5x5,0.5,0.75,E50-P75,1.519,1.797,1.27836626408,1.39038925727,0.112022993183,0,True,True
id03,True,native,active_time_frontloaded,5x5,0.5,0.9,E50-P90,1.519,6.433,1.2907502387,1.40277323189,0.112022993183,0,True,False
id03,True,native,active_time_frontloaded,5x5,0.5,0.95,E50-P95,1.519,6.566,1.2907502387,1.40277323189,0.112022993183,0,False,False
id03,True,native,active_time_frontloaded,5x5,0.75,0.25,E75-P25,4.775,0,0,0.112022993183,0.112022993183,0,False,True
id03,True,native,active_time_frontloaded,5x5,0.75,0.5,E75-P50,4.775,0.67,0.986602907586,1.09862590077,0.112022993183,0,True,False
id03,True,native,active_time_frontloaded,5x5,0.75,0.75,E75-P75,4.775,1.797,1.36173534984,1.47375834303,0.112022993183,0,True,False
id03,True,native,active_time_frontloaded,5x5,0.75,0.9,E75-P90,4.775,6.433,1.37411932446,1.48614231765,0.112022993183,0,True,False
id03,True,native,active_time_frontloaded,5x5,0.75,0.95,E75-P95,4.775,6.566,1.37411932446,1.48614231765,0.112022993183,0,False,False
id03,True,native,active_time_frontloaded,5x5,0.9,0.25,E90-P25,8.834,0,0,0.112022993183,0.112022993183,0,False,False
id03,True,native,active_time_frontloaded,5x5,0.9,0.5,E90-P50,8.834,0.67,0.986602907586,1.09862590077,0.112022993183,0,False,False
id03,True,native,active_time_frontloaded,5x5,0.9,0.75,E90-P75,8.834,1.797,1.36173534984,1.47375834303,0.112022993183,0,False,False
id03,True,native,active_time_frontloaded,5x5,0.9,0.9,E90-P90,8.834,6.433,1.37411932446,1.48614231765,0.112022993183,0,False,False
id03,True,native,active_time_frontloaded,5x5,0.9,0.95,E90-P95,8.834,6.566,1.37411932446,1.48614231765,0.112022993183,0,False,False
id03,True,native,active_time_frontloaded,5x5,0.95,0.25,E95-P25,10.046,0,0,0.112022993183,0.112022993183,0,False,False
id03,True,native,active_time_frontloaded,5x5,0.95,0.5,E95-P50,10.046,0.67,0.986602907586,1.09862590077,0.112022993183,0,False,False
id03,True,native,active_time_frontloaded,5x5,0.95,0.75,E95-P75,10.046,1.797,1.36173534984,1.47375834303,0.112022993183,0,False,False
id03,True,native,active_time_frontloaded,5x5,0.95,0.9,E95-P90,10.046,6.433,1.37411932446,1.48614231765,0.112022993183,0,False,False
id03,True,native,active_time_frontloaded,5x5,0.95,0.95,E95-P95,10.046,6.566,1.37411932446,1.48614231765,0.112022993183,0,False,False
id04,True,native,active_time_frontloaded,3x3,0.5,0.5,E50-P50,3.4,1.947,2.80670705694,2.9011335185,0.0944264615586,1.11022302463e-16,True,True
id04,True,native,active_time_frontloaded,3x3,0.5,0.75,E50-P75,3.4,6.548,2.80670705694,2.9011335185,0.0944264615586,1.11022302463e-16,False,False
id04,True,native,active_time_frontloaded,3x3,0.5,0.9,E50-P90,3.4,6.916,2.80670705694,2.9011335185,0.0944264615586,1.11022302463e-16,False,False
id04,True,native,active_time_frontloaded,3x3,0.75,0.5,E75-P50,7.119,1.947,2.96590606855,3.06033253011,0.0944264615586,1.11022302463e-16,True,True
id04,True,native,active_time_frontloaded,3x3,0.75,0.75,E75-P75,7.119,6.548,3.08100454595,3.17543100751,0.0944264615586,4.4408920985e-16,True,True
id04,True,native,active_time_frontloaded,3x3,0.75,0.9,E75-P90,7.119,6.916,3.08100454595,3.17543100751,0.0944264615586,4.4408920985e-16,False,False
id04,True,native,active_time_frontloaded,3x3,0.9,0.5,E90-P50,11.258,1.947,2.96590606855,3.06033253011,0.0944264615586,1.11022302463e-16,False,True
id04,True,native,active_time_frontloaded,3x3,0.9,0.75,E90-P75,11.258,6.548,3.08100454595,3.17543100751,0.0944264615586,4.4408920985e-16,False,False
id04,True,native,active_time_frontloaded,3x3,0.9,0.9,E90-P90,11.258,6.916,3.08100454595,3.17543100751,0.0944264615586,4.4408920985e-16,False,False
id04,True,native,active_time_frontloaded,5x5,0.25,0.25,E25-P25,0,0,0,0.0944264615586,0.0944264615586,0,False,True
id04,True,native,active_time_frontloaded,5x5,0.25,0.5,E25-P50,0,1.947,0,0.0944264615586,0.0944264615586,0,False,False
id04,True,native,active_time_frontloaded,5x5,0.25,0.75,E25-P75,0,6.548,0,0.0944264615586,0.0944264615586,0,False,False
id04,True,native,active_time_frontloaded,5x5,0.25,0.9,E25-P90,0,6.916,0,0.0944264615586,0.0944264615586,0,False,False
id04,True,native,active_time_frontloaded,5x5,0.25,0.95,E25-P95,0,7.017,0,0.0944264615586,0.0944264615586,0,False,False
id04,True,native,active_time_frontloaded,5x5,0.5,0.25,E50-P25,3.4,0,0,0.0944264615586,0.0944264615586,0,False,True
id04,True,native,active_time_frontloaded,5x5,0.5,0.5,E50-P50,3.4,1.947,2.80670705694,2.9011335185,0.0944264615586,1.11022302463e-16,True,False
id04,True,native,active_time_frontloaded,5x5,0.5,0.75,E50-P75,3.4,6.548,2.80670705694,2.9011335185,0.0944264615586,1.11022302463e-16,False,True
id04,True,native,active_time_frontloaded,5x5,0.5,0.9,E50-P90,3.4,6.916,2.80670705694,2.9011335185,0.0944264615586,1.11022302463e-16,False,False
id04,True,native,active_time_frontloaded,5x5,0.5,0.95,E50-P95,3.4,7.017,2.80670705694,2.9011335185,0.0944264615586,1.11022302463e-16,False,False
id04,True,native,active_time_frontloaded,5x5,0.75,0.25,E75-P25,7.119,0,0,0.0944264615586,0.0944264615586,0,False,True
id04,True,native,active_time_frontloaded,5x5,0.75,0.5,E75-P50,7.119,1.947,2.96590606855,3.06033253011,0.0944264615586,1.11022302463e-16,True,False
id04,True,native,active_time_frontloaded,5x5,0.75,0.75,E75-P75,7.119,6.548,3.08100454595,3.17543100751,0.0944264615586,4.4408920985e-16,True,False
id04,True,native,active_time_frontloaded,5x5,0.75,0.9,E75-P90,7.119,6.916,3.08100454595,3.17543100751,0.0944264615586,4.4408920985e-16,False,False
id04,True,native,active_time_frontloaded,5x5,0.75,0.95,E75-P95,7.119,7.017,3.08100454595,3.17543100751,0.0944264615586,4.4408920985e-16,False,False
id04,True,native,active_time_frontloaded,5x5,0.9,0.25,E90-P25,11.258,0,0,0.0944264615586,0.0944264615586,0,False,False
id04,True,native,active_time_frontloaded,5x5,0.9,0.5,E90-P50,11.258,1.947,2.96590606855,3.06033253011,0.0944264615586,1.11022302463e-16,False,False
id04,True,native,active_time_frontloaded,5x5,0.9,0.75,E90-P75,11.258,6.548,3.08100454595,3.17543100751,0.0944264615586,4.4408920985e-16,False,False
id04,True,native,active_time_frontloaded,5x5,0.9,0.9,E90-P90,11.258,6.916,3.08100454595,3.17543100751,0.0944264615586,4.4408920985e-16,False,False
id04,True,native,active_time_frontloaded,5x5,0.9,0.95,E90-P95,11.258,7.017,3.08100454595,3.17543100751,0.0944264615586,4.4408920985e-16,False,False
id04,True,native,active_time_frontloaded,5x5,0.95,0.25,E95-P25,12.352,0,0,0.0944264615586,0.0944264615586,0,False,False
id04,True,native,active_time_frontloaded,5x5,0.95,0.5,E95-P50,12.352,1.947,2.96590606855,3.06033253011,0.0944264615586,1.11022302463e-16,False,False
id04,True,native,active_time_frontloaded,5x5,0.95,0.75,E95-P75,12.352,6.548,3.08100454595,3.17543100751,0.0944264615586,4.4408920985e-16,False,False
id04,True,native,active_time_frontloaded,5x5,0.95,0.9,E95-P90,12.352,6.916,3.08100454595,3.17543100751,0.0944264615586,4.4408920985e-16,False,False
id04,True,native,active_time_frontloaded,5x5,0.95,0.95,E95-P95,12.352,7.017,3.08100454595,3.17543100751,0.0944264615586,4.4408920985e-16,False,False
