subset,pv_scale_mode,grid,qe,qp,label,E_kWh,P_kW,g_pp,rho_pct,rho_pv_pct,dispatch_violation,is_pareto,is_frozen
all9,native,3x3,0.5,0.5,E50-P50,16.564,6.821,1.65512268492,24.0945507438,22.4394280589,2.22044604925e-16,True,True
all9,native,3x3,0.5,0.75,E50-P75,16.564,12.643,1.76261317548,24.2020412344,22.4394280589,2.22044604925e-16,True,False
all9,native,3x3,0.5,0.9,E50-P90,16.564,15.945,1.77618668224,24.2156147412,22.4394280589,2.22044604925e-16,True,False
all9,native,3x3,0.75,0.5,E75-P50,46.37,6.821,1.9361536018,24.3755816607,22.4394280589,8.881784197e-16,True,True
all9,native,3x3,0.75,0.75,E75-P75,46.37,12.643,2.37755918042,24.8169872393,22.4394280589,2.22044604925e-16,True,True
all9,native,3x3,0.75,0.9,E75-P90,46.37,15.945,2.42681837895,24.8662464379,22.4394280589,2.22044604925e-16,True,False
all9,native,3x3,0.9,0.5,E90-P50,84.519,6.821,1.9361536018,24.3755816607,22.4394280589,8.881784197e-16,False,True
all9,native,3x3,0.9,0.75,E90-P75,84.519,12.643,2.37755918042,24.8169872393,22.4394280589,2.22044604925e-16,False,False
all9,native,3x3,0.9,0.9,E90-P90,84.519,15.945,2.43465961478,24.8740876737,22.4394280589,2.22044604925e-16,True,False
all9,native,5x5,0.25,0.25,E25-P25,1.697,1.215,0.525345279721,22.9647733386,22.4394280589,2.77555756156e-17,True,True
all9,native,5x5,0.25,0.5,E25-P50,1.697,6.821,0.565156826444,23.0045848854,22.4394280589,2.22044604925e-16,True,False
all9,native,5x5,0.25,0.75,E25-P75,1.697,12.643,0.565156826444,23.0045848854,22.4394280589,2.22044604925e-16,False,False
all9,native,5x5,0.25,0.9,E25-P90,1.697,15.945,0.565156826444,23.0045848854,22.4394280589,2.22044604925e-16,False,False
all9,native,5x5,0.25,0.95,E25-P95,1.697,18.279,0.565156826444,23.0045848854,22.4394280589,2.22044604925e-16,False,False
all9,native,5x5,0.5,0.25,E50-P25,16.564,1.215,0.719803192703,23.1592312516,22.4394280589,2.77555756156e-17,True,True
all9,native,5x5,0.5,0.5,E50-P50,16.564,6.821,1.65512268492,24.0945507438,22.4394280589,2.22044604925e-16,True,False
all9,native,5x5,0.5,0.75,E50-P75,16.564,12.643,1.76261317548,24.2020412344,22.4394280589,2.22044604925e-16,True,True
all9,native,5x5,0.5,0.9,E50-P90,16.564,15.945,1.77618668224,24.2156147412,22.4394280589,2.22044604925e-16,True,False
all9,native,5x5,0.5,0.95,E50-P95,16.564,18.279,1.77618668224,24.2156147412,22.4394280589,2.22044604925e-16,False,False
all9,native,5x5,0.75,0.25,E75-P25,46.37,1.215,0.719803192703,23.1592312516,22.4394280589,2.77555756156e-17,False,True
all9,native,5x5,0.75,0.5,E75-P50,46.37,6.821,1.9361536018,24.3755816607,22.4394280589,8.881784197e-16,True,False
all9,native,5x5,0.75,0.75,E75-P75,46.37,12.643,2.37755918042,24.8169872393,22.4394280589,2.22044604925e-16,True,False
all9,native,5x5,0.75,0.9,E75-P90,46.37,15.945,2.42681837895,24.8662464379,22.4394280589,2.22044604925e-16,True,False
all9,native,5x5,0.75,0.95,E75-P95,46.37,18.279,2.42681837895,24.8662464379,22.4394280589,2.22044604925e-16,False,False
all9,native,5x5,0.9,0.25,E90-P25,84.519,1.215,0.719803192703,23.1592312516,22.4394280589,2.77555756156e-17,False,False
all9,native,5x5,0.9,0.5,E90-P50,84.519,6.821,1.9361536018,24.3755816607,22.4394280589,8.881784197e-16,False,False
all9,native,5x5,0.9,0.75,E90-P75,84.519,12.643,2.37755918042,24.8169872393,22.4394280589,2.22044604925e-16,False,False
all9,native,5x5,0.9,0.9,E90-P90,84.519,15.945,2.43465961478,24.8740876737,22.4394280589,2.22044604925e-16,True,False
all9,native,5x5,0.9,0.95,E90-P95,84.519,18.279,2.43465961478,24.8740876737,22.4394280589,2.22044604925e-16,False,False
all9,native,5x5,0.95,0.25,E95-P25,108.735,1.215,0.719803192703,23.1592312516,22.4394280589,2.77555756156e-17,False,False
all9,native,5x5,0.95,0.5,E95-P50,108.735,6.821,1.9361536018,24.3755816607,22.4394280589,8.881784197e-16,False,False
all9,native,5x5,0.95,0.75,E95-P75,108.735,12.643,2.37755918042,24.8169872393,22.4394280589,2.22044604925e-16,False,False
all9,native,5x5,0.95,0.9,E95-P90,108.735,15.945,2.43465961478,24.8740876737,22.4394280589,2.22044604925e-16,False,False
all9,native,5x5,0.95,0.95,E95-P95,108.735,18.279,2.43465961478,24.8740876737,22.4394280589,2.22044604925e-16,False,False
first4,native,3x3,0.5,0.5,E50-P50,23.643,7.938,1.51964841639,29.168663485,27.6490150686,4.4408920985e-16,True,True
first4,native,3x3,0.5,0.75,E50-P75,23.643,13.329,1.60065718435,29.249672253,27.6490150686,4.4408920985e-16,True,False
first4,native,3x3,0.5,0.9,E50-P90,23.643,16.487,1.60065718435,29.249672253,27.6490150686,4.4408920985e-16,False,False
first4,native,3x3,0.75,0.5,E75-P50,56.692,7.938,1.59479025009,29.2438053187,27.6490150686,4.4408920985e-16,True,True
first4,native,3x3,0.75,0.75,E75-P75,56.692,13.329,1.86705373281,29.5160688014,27.6490150686,4.4408920985e-16,True,True
first4,native,3x3,0.75,0.9,E75-P90,56.692,16.487,1.86917624178,29.5181913104,27.6490150686,4.4408920985e-16,True,False
first4,native,3x3,0.9,0.5,E90-P50,90.098,7.938,1.59479025009,29.2438053187,27.6490150686,4.4408920985e-16,False,True
first4,native,3x3,0.9,0.75,E90-P75,90.098,13.329,1.86705373281,29.5160688014,27.6490150686,4.4408920985e-16,False,False
first4,native,3x3,0.9,0.9,E90-P90,90.098,16.487,1.86917624178,29.5181913104,27.6490150686,4.4408920985e-16,False,False
first4,native,5x5,0.25,0.25,E25-P25,3.907,2.099,0.786755338643,28.4357704072,27.6490150686,2.22044604925e-16,True,True
first4,native,5x5,0.25,0.5,E25-P50,3.907,7.938,0.816032044814,28.4650471134,27.6490150686,4.4408920985e-16,True,False
first4,native,5x5,0.25,0.75,E25-P75,3.907,13.329,0.816032044814,28.4650471134,27.6490150686,4.4408920985e-16,False,False
first4,native,5x5,0.25,0.9,E25-P90,3.907,16.487,0.816032044814,28.4650471134,27.6490150686,4.4408920985e-16,False,False
first4,native,5x5,0.25,0.95,E25-P95,3.907,18.279,0.816032044814,28.4650471134,27.6490150686,4.4408920985e-16,False,False
first4,native,5x5,0.5,0.25,E50-P25,23.643,2.099,0.925344611358,28.57435968,27.6490150686,2.22044604925e-16,True,True
first4,native,5x5,0.5,0.5,E50-P50,23.643,7.938,1.51964841639,29.168663485,27.6490150686,4.4408920985e-16,True,False
first4,native,5x5,0.5,0.75,E50-P75,23.643,13.329,1.60065718435,29.249672253,27.6490150686,4.4408920985e-16,True,True
first4,native,5x5,0.5,0.9,E50-P90,23.643,16.487,1.60065718435,29.249672253,27.6490150686,4.4408920985e-16,False,False
first4,native,5x5,0.5,0.95,E50-P95,23.643,18.279,1.60065718435,29.249672253,27.6490150686,4.4408920985e-16,False,False
first4,native,5x5,0.75,0.25,E75-P25,56.692,2.099,0.925344611358,28.57435968,27.6490150686,2.22044604925e-16,False,True
first4,native,5x5,0.75,0.5,E75-P50,56.692,7.938,1.59479025009,29.2438053187,27.6490150686,4.4408920985e-16,True,False
first4,native,5x5,0.75,0.75,E75-P75,56.692,13.329,1.86705373281,29.5160688014,27.6490150686,4.4408920985e-16,True,False
first4,native,5x5,0.75,0.9,E75-P90,56.692,16.487,1.86917624178,29.5181913104,27.6490150686,4.4408920985e-16,True,False
first4,native,5x5,0.75,0.95,E75-P95,56.692,18.279,1.86917624178,29.5181913104,27.6490150686,4.4408920985e-16,False,False
first4,native,5x5,0.9,0.25,E90-P25,90.098,2.099,0.925344611358,28.57435968,27.6490150686,2.22044604925e-16,False,False
first4,native,5x5,0.9,0.5,E90-P50,90.098,7.938,1.59479025009,29.2438053187,27.6490150686,4.4408920985e-16,False,False
first4,native,5x5,0.9,0.75,E90-P75,90.098,13.329,1.86705373281,29.5160688014,27.6490150686,4.4408920985e-16,False,False
first4,native,5x5,0.9,0.9,E90-P90,90.098,16.487,1.86917624178,29.5181913104,27.6490150686,4.4408920985e-16,False,False
first4,native,5x5,0.9,0.95,E90-P95,90.098,18.279,1.86917624178,29.5181913104,27.6490150686,4.4408920985e-16,False,False
first4,native,5x5,0.95,0.25,E95-P25,114.007,2.099,0.925344611358,28.57435968,27.6490150686,2.22044604925e-16,False,False
first4,native,5x5,0.95,0.5,E95-P50,114.007,7.938,1.59479025009,29.2438053187,27.6490150686,4.4408920985e-16,False,False
first4,native,5x5,0.95,0.75,E95-P75,114.007,13.329,1.86705373281,29.5160688014,27.6490150686,4.4408920985e-16,False,False
first4,native,5x5,0.95,0.9,E95-P90,114.007,16.487,1.86917624178,29.5181913104,27.6490150686,4.4408920985e-16,False,False
first4,native,5x5,0.95,0.95,E95-P95,114.007,18.279,1.86917624178,29.5181913104,27.6490150686,4.4408920985e-16,False,False
all9,energy_matched,3x3,0.5,0.5,E50-P50,70.364,19.975,3.53265041074,43.0452358304,39.5125854197,2.22044604925e-16,True,True
all9,energy_matched,3x3,0.5,0.75,E50-P75,70.364,31.542,3.60229100789,43.1148764276,39.5125854197,2.22044604925e-16,True,False
all9,energy_matched,3x3,0.5,0.9,E50-P90,70.364,38.75,3.60229100789,43.1148764276,39.5125854197,2.22044604925e-16,False,False
all9,energy_matched,3x3,0.75,0.5,E75-P50,145.791,19.975,3.53265041074,43.0452358304,39.5125854197,2.22044604925e-16,False,True
all9,energy_matched,3x3,0.75,0.75,E75-P75,145.791,31.542,3.71793743656,43.2305228563,39.5125854197,2.22044604925e-16,True,True
all9,energy_matched,3x3,0.75,0.9,E75-P90,145.791,38.75,3.72662352462,43.2392089443,39.5125854197,2.22044604925e-16,True,False
all9,energy_matched,3x3,0.9,0.5,E90-P50,216.697,19.975,3.53265041074,43.0452358304,39.5125854197,2.22044604925e-16,False,True
all9,energy_matched,3x3,0.9,0.75,E90-P75,216.697,31.542,3.71793743656,43.2305228563,39.5125854197,2.22044604925e-16,False,False
all9,energy_matched,3x3,0.9,0.9,E90-P90,216.697,38.75,3.72662352462,43.2392089443,39.5125854197,2.22044604925e-16,False,False
all9,energy_matched,5x5,0.25,0.25,E25-P25,10.759,5.385,1.82594512708,41.3385305468,39.5125854197,2.22044604925e-16,True,True
all9,energy_matched,5x5,0.25,0.5,E25-P50,10.759,19.975,1.89617501693,41.4087604366,39.5125854197,2.22044604925e-16,True,False
all9,energy_matched,5x5,0.25,0.75,E25-P75,10.759,31.542,1.89617501693,41.4087604366,39.5125854197,2.22044604925e-16,False,False
all9,energy_matched,5x5,0.25,0.9,E25-P90,10.759,38.75,1.89617501693,41.4087604366,39.5125854197,2.22044604925e-16,False,False
all9,energy_matched,5x5,0.25,0.95,E25-P95,10.759,42.072,1.89617501693,41.4087604366,39.5125854197,2.22044604925e-16,False,False
all9,energy_matched,5x5,0.5,0.25,E50-P25,70.364,5.385,2.18427487753,41.6968602972,39.5125854197,2.22044604925e-16,True,True
all9,energy_matched,5x5,0.5,0.5,E50-P50,70.364,19.975,3.53265041074,43.0452358304,39.5125854197,2.22044604925e-16,True,False
all9,energy_matched,5x5,0.5,0.75,E50-P75,70.364,31.542,3.60229100789,43.1148764276,39.5125854197,2.22044604925e-16,True,True
all9,energy_matched,5x5,0.5,0.9,E50-P90,70.364,38.75,3.60229100789,43.1148764276,39.5125854197,2.22044604925e-16,False,False
all9,energy_matched,5x5,0.5,0.95,E50-P95,70.364,42.072,3.60229100789,43.1148764276,39.5125854197,2.22044604925e-16,False,False
all9,energy_matched,5x5,0.75,0.25,E75-P25,145.791,5.385,2.18427487753,41.6968602972,39.5125854197,2.22044604925e-16,False,True
all9,energy_matched,5x5,0.75,0.5,E75-P50,145.791,19.975,3.53265041074,43.0452358304,39.5125854197,2.22044604925e-16,False,False
all9,energy_matched,5x5,0.75,0.75,E75-P75,145.791,31.542,3.71793743656,43.2305228563,39.5125854197,2.22044604925e-16,True,False
all9,energy_matched,5x5,0.75,0.9,E75-P90,145.791,38.75,3.72662352462,43.2392089443,39.5125854197,2.22044604925e-16,True,False
all9,energy_matched,5x5,0.75,0.95,E75-P95,145.791,42.072,3.72662352462,43.2392089443,39.5125854197,2.22044604925e-16,False,False
all9,energy_matched,5x5,0.9,0.25,E90-P25,216.697,5.385,2.18427487753,41.6968602972,39.5125854197,2.22044604925e-16,False,False
all9,energy_matched,5x5,0.9,0.5,E90-P50,216.697,19.975,3.53265041074,43.0452358304,39.5125854197,2.22044604925e-16,False,False
all9,energy_matched,5x5,0.9,0.75,E90-P75,216.697,31.542,3.71793743656,43.2305228563,39.5125854197,2.22044604925e-16,False,False
all9,energy_matched,5x5,0.9,0.9,E90-P90,216.697,38.75,3.72662352462,43.2392089443,39.5125854197,2.22044604925e-16,False,False
all9,energy_matched,5x5,0.9,0.95,E90-P95,216.697,42.072,3.72662352462,43.2392089443,39.5125854197,2.22044604925e-16,False,False
all9,energy_matched,5x5,0.95,0.25,E95-P25,262.357,5.385,2.18427487753,41.6968602972,39.5125854197,2.22044604925e-16,False,False
all9,energy_matched,5x5,0.95,0.5,E95-P50,262.357,19.975,3.53265041074,43.0452358304,39.5125854197,2.22044604925e-16,False,False
all9,energy_matched,5x5,0.95,0.75,E95-P75,262.357,31.542,3.71793743656,43.2305228563,39.5125854197,2.22044604925e-16,False,False
all9,energy_matched,5x5,0.95,0.9,E95-P90,262.357,38.75,3.72662352462,43.2392089443,39.5125854197,2.22044604925e-16,False,False
all9,energy_matched,5x5,0.95,0.95,E95-P95,262.357,42.072,3.72662352462,43.2392089443,39.5125854197,2.22044604925e-16,False,False
